scientific_name,f,f_mort,percent_diff,abs_diff,f_max,f_fmsy,family,threat,sp_count_threat,total_sp_count,sp_threat_pct,mean_mort_reduction,sd_mort_reduction,se_mort_reduction,mean_abs_mort_reduction,sd_abs_mort_reduction,se_abs_mort_reduction,mean_f_fmsy,sd_f_fmsy,se_f_fmsy,sp_threat
Alopias pelagicus,0.06186106275,0.02862343456234697,53.72948137340726,0.03323762818765303,0.13369433623431878,2.16120335298182,Alopiidae,threatened,3,3,1,54.66251828051619,1.616067328449572,0.9330369071089197,0.03144845061278795,0.004704157230352968,0.002715946443254611,2.207589761641369,0.08034361657899075,0.04638640865954839,>0.75
Alopias superciliosus,0.04859941725,0.022487202411076764,53.72948137340728,0.026112214838923235,0.10503322351366257,2.1612033529818215,Alopiidae,threatened,3,3,1,54.66251828051619,1.616067328449572,0.9330369071089197,0.03144845061278795,0.004704157230352968,0.002715946443254611,2.207589761641369,0.08034361657899075,0.04638640865954839,>0.75
Alopias vulpinus,0.06190762500000001,0.02691211618821242,56.52859209473403,0.03499550881178759,0.14240998390231743,2.300362578960466,Alopiidae,threatened,3,3,1,54.66251828051619,1.616067328449572,0.9330369071089197,0.03144845061278795,0.004704157230352968,0.002715946443254611,2.207589761641369,0.08034361657899075,0.04638640865954839,>0.75
Apristurus fedorovi,0.01224239730944418,0.0025833237741140634,78.89854651162806,0.009659073535330118,0.05801684379794222,4.73901004284399,Pentanchidae,threatened,7,22,0.3181818181818182,67.5792833774162,11.944179159281262,1.8885405462221934,0.04664339782485291,0.02071120362753407,0.0032747288273274645,3.5276652782041453,1.2643216573059775,0.1999068066082877,<0.50
Apristurus longicephalus,0.05447083000691234,0.01149413685863891,78.89854651162777,0.042976693148273425,0.25813781044480194,4.739010042843928,Pentanchidae,threatened,7,22,0.3181818181818182,67.5792833774162,11.944179159281262,1.8885405462221934,0.04664339782485291,0.02071120362753407,0.0032747288273274645,3.5276652782041453,1.2643216573059775,0.1999068066082877,<0.50
Apristurus macrostomus,0.05447083000691234,0.010618271247397502,80.50649999999992,0.04385255875951483,0.279430733356822,5.129915099905074,Pentanchidae,threatened,7,22,0.3181818181818182,67.5792833774162,11.944179159281262,1.8885405462221934,0.04664339782485291,0.02071120362753407,0.0032747288273274645,3.5276652782041453,1.2643216573059775,0.1999068066082877,<0.50
Apristurus melanoasper,0.04076096491588672,0.008601156053137516,78.89854651162787,0.032159808862749203,0.19316662209239696,4.7390100428439474,Pentanchidae,threatened,7,22,0.3181818181818182,67.5792833774162,11.944179159281262,1.8885405462221934,0.04664339782485291,0.02071120362753407,0.0032747288273274645,3.5276652782041453,1.2643216573059775,0.1999068066082877,<0.50
Apristurus micropterygeus,0.0697385377560006,0.014715845108053287,78.8985465116279,0.05502269264794731,0.3304916307989392,4.739010042843955,Pentanchidae,threatened,7,22,0.3181818181818182,67.5792833774162,11.944179159281262,1.8885405462221934,0.04664339782485291,0.02071120362753407,0.0032747288273274645,3.5276652782041453,1.2643216573059775,0.1999068066082877,<0.50
Atelomycterus baliensis,0.10017915859559236,0.013297844123953127,86.72593749999993,0.08688131447163923,0.7546985604112668,7.533488711537968,Scyliorhinidae,threatened,3,18,0.16666666666666666,66.38058730343248,11.025110691635168,2.1622020983141605,0.05726314152701535,0.03411048775075919,0.0066896170253572616,3.3984709988786785,1.4901955475885564,0.2922513913931975,<0.25
Carcharhinus acronotus,0.1494957176608832,0.09285461834067092,37.8881082391251,0.05664109932021229,0.240687754667702,1.609997653669781,Carcharhinidae,threatened,35,52,0.6730769230769231,50.28540740384367,9.030627512776958,0.9216845609767802,0.04905486250062575,0.03512308490387169,0.0035847348419556836,2.0936687831768683,0.486680994542112,0.04967167100576747,<0.75
Carcharhinus albimarginatus,0.06151584463607947,0.022721479704756575,63.064020596361495,0.03879436493132289,0.16654721393422597,2.707387258022706,Carcharhinidae,threatened,35,52,0.6730769230769231,50.28540740384367,9.030627512776958,0.9216845609767802,0.04905486250062575,0.03512308490387169,0.0035847348419556836,2.0936687831768683,0.486680994542112,0.04967167100576747,<0.75
Carcharhinus altimus,0.0504803371039731,0.022259396483947713,55.90481807183541,0.02822094062002539,0.11448039195350311,2.267821463190919,Carcharhinidae,threatened,35,52,0.6730769230769231,50.28540740384367,9.030627512776958,0.9216845609767802,0.04905486250062575,0.03512308490387169,0.0035847348419556836,2.0936687831768683,0.486680994542112,0.04967167100576747,<0.75
Carcharhinus amblyrhynchoides,0.0811285324105828,0.030899380681805866,61.91305356612712,0.05022915172877693,0.21300876023610701,2.625571471675249,Carcharhinidae,threatened,35,52,0.6730769230769231,50.28540740384367,9.030627512776958,0.9216845609767802,0.04905486250062575,0.03512308490387169,0.0035847348419556836,2.0936687831768683,0.486680994542112,0.04967167100576747,<0.75
Carcharhinus amblyrhynchos,0.05599985774999999,0.02717713259812399,51.46928279809069,0.028822725151876002,0.11539054227658689,2.0605506319627556,Carcharhinidae,threatened,35,52,0.6730769230769231,50.28540740384367,9.030627512776958,0.9216845609767802,0.04905486250062575,0.03512308490387169,0.0035847348419556836,2.0936687831768683,0.486680994542112,0.04967167100576747,<0.75
Carcharhinus amboinensis,0.0811285324105828,0.04716129199328435,41.868427060154225,0.03396724041729844,0.1395601878767914,1.72023557840899,Carcharhinidae,threatened,35,52,0.6730769230769231,50.28540740384367,9.030627512776958,0.9216845609767802,0.04905486250062575,0.03512308490387169,0.0035847348419556836,2.0936687831768683,0.486680994542112,0.04967167100576747,<0.75
Carcharhinus borneensis,0.0811285324105828,0.041207379791032964,49.20729049739636,0.03992115261954983,0.15972475814944295,1.9687864848964984,Carcharhinidae,threatened,35,52,0.6730769230769231,50.28540740384367,9.030627512776958,0.9216845609767802,0.04905486250062575,0.03512308490387169,0.0035847348419556836,2.0936687831768683,0.486680994542112,0.04967167100576747,<0.75
Carcharhinus brachyurus,0.06715183425,0.03674908156657679,45.274642194041355,0.030402752683423212,0.12270698071651225,1.8273064628389097,Carcharhinidae,threatened,35,52,0.6730769230769231,50.28540740384367,9.030627512776958,0.9216845609767802,0.04905486250062575,0.03512308490387169,0.0035847348419556836,2.0936687831768683,0.486680994542112,0.04967167100576747,<0.75
Carcharhinus brevipinna,0.11914994948388569,0.0776973461518034,34.79028191924537,0.04145260333208228,0.18271808710525692,1.5335137605741782,Carcharhinidae,threatened,35,52,0.6730769230769231,50.28540740384367,9.030627512776958,0.9216845609767802,0.04905486250062575,0.03512308490387169,0.0035847348419556836,2.0936687831768683,0.486680994542112,0.04967167100576747,<0.75
Carcharhinus cautus,0.062543269125,0.03635738611036345,41.86842706015416,0.026185883014636542,0.1075891567388334,1.7202355784089887,Carcharhinidae,threatened,35,52,0.6730769230769231,50.28540740384367,9.030627512776958,0.9216845609767802,0.04905486250062575,0.03512308490387169,0.0035847348419556836,2.0936687831768683,0.486680994542112,0.04967167100576747,<0.75
Carcharhinus cerdale,0.0811285324105828,0.041207379791032964,49.20729049739636,0.03992115261954983,0.15972475814944295,1.9687864848964984,Carcharhinidae,threatened,35,52,0.6730769230769231,50.28540740384367,9.030627512776958,0.9216845609767802,0.04905486250062575,0.03512308490387169,0.0035847348419556836,2.0936687831768683,0.486680994542112,0.04967167100576747,<0.75
Carcharhinus coatesi,0.0811285324105828,0.05039046623804751,37.88810823912508,0.030738066172535286,0.13061674682671104,1.6099976536697804,Carcharhinidae,threatened,35,52,0.6730769230769231,50.28540740384367,9.030627512776958,0.9216845609767802,0.04905486250062575,0.03512308490387169,0.0035847348419556836,2.0936687831768683,0.486680994542112,0.04967167100576747,<0.75
Carcharhinus falciformis,0.07234761975,0.03145052889127314,56.5285920947342,0.04089709085872686,0.16642575714976174,2.3003625789604745,Carcharhinidae,threatened,35,52,0.6730769230769231,50.28540740384367,9.030627512776958,0.9216845609767802,0.04905486250062575,0.03512308490387169,0.0035847348419556836,2.0936687831768683,0.486680994542112,0.04967167100576747,<0.75
Carcharhinus fitzroyensis,0.06351057749528352,0.0322587431306053,49.2072904973964,0.031251834364678224,0.12503876662068603,1.9687864848965004,Carcharhinidae,threatened,35,52,0.6730769230769231,50.28540740384367,9.030627512776958,0.9216845609767802,0.04905486250062575,0.03512308490387169,0.0035847348419556836,2.0936687831768683,0.486680994542112,0.04967167100576747,<0.75
Carcharhinus galapagensis,0.11689088037793594,0.058488030187751436,49.96356431002507,0.0584028501901845,0.23361152481401798,1.9985436336752407,Carcharhinidae,threatened,35,52,0.6730769230769231,50.28540740384367,9.030627512776958,0.9216845609767802,0.04905486250062575,0.03512308490387169,0.0035847348419556836,2.0936687831768683,0.486680994542112,0.04967167100576747,<0.75
Carcharhinus hemiodon,0.06351057749528352,0.02920965127467426,54.00821024365043,0.03430092622060926,0.13809111981017294,2.174301120477577,Carcharhinidae,threatened,35,52,0.6730769230769231,50.28540740384367,9.030627512776958,0.9216845609767802,0.04905486250062575,0.03512308490387169,0.0035847348419556836,2.0936687831768683,0.486680994542112,0.04967167100576747,<0.75
Carcharhinus humani,0.06351057749528352,0.0322587431306053,49.2072904973964,0.031251834364678224,0.12503876662068603,1.9687864848965004,Carcharhinidae,threatened,35,52,0.6730769230769231,50.28540740384367,9.030627512776958,0.9216845609767802,0.04905486250062575,0.03512308490387169,0.0035847348419556836,2.0936687831768683,0.486680994542112,0.04967167100576747,<0.75
Carcharhinus isodon,0.064287371625,0.021162082075811953,67.08205431191953,0.04312528954918805,0.19529581898629345,3.0378566435331913,Carcharhinidae,threatened,35,52,0.6730769230769231,50.28540740384367,9.030627512776958,0.9216845609767802,0.04905486250062575,0.03512308490387169,0.0035847348419556836,2.0936687831768683,0.486680994542112,0.04967167100576747,<0.75
Carcharhinus leiodon,0.07908848706977871,0.040171185487356806,49.207290497396535,0.038917301582421904,0.15570834445389234,1.9687864848965053,Carcharhinidae,threatened,35,52,0.6730769230769231,50.28540740384367,9.030627512776958,0.9216845609767802,0.04905486250062575,0.03512308490387169,0.0035847348419556836,2.0936687831768683,0.486680994542112,0.04967167100576747,<0.75
Carcharhinus leucas,0.1015901336867488,0.049495095286418406,51.279623827412635,0.05209503840033039,0.20851672681441388,2.052529308184308,Carcharhinidae,threatened,35,52,0.6730769230769231,50.28540740384367,9.030627512776958,0.9216845609767802,0.04905486250062575,0.03512308490387169,0.0035847348419556836,2.0936687831768683,0.486680994542112,0.04967167100576747,<0.75
Carcharhinus limbatus,0.07862152974097482,0.05148571884211691,34.5144783982951,0.027135810898857908,0.12005940827526052,1.5270551040002178,Carcharhinidae,threatened,35,52,0.6730769230769231,50.28540740384367,9.030627512776958,0.9216845609767802,0.04905486250062575,0.03512308490387169,0.0035847348419556836,2.0936687831768683,0.486680994542112,0.04967167100576747,<0.75
Carcharhinus longimanus,0.11769573577257444,0.04847033364480183,58.8172559297629,0.06922540212777262,0.28578895950168975,2.428201477527825,Carcharhinidae,threatened,35,52,0.6730769230769231,50.28540740384367,9.030627512776958,0.9216845609767802,0.04905486250062575,0.03512308490387169,0.0035847348419556836,2.0936687831768683,0.486680994542112,0.04967167100576747,<0.75
Carcharhinus macloti,0.07908848706977871,0.04675042259834584,40.88846009015374,0.03233806447143287,0.13379534214537503,1.6917170514000248,Carcharhinidae,threatened,35,52,0.6730769230769231,50.28540740384367,9.030627512776958,0.9216845609767802,0.04905486250062575,0.03512308490387169,0.0035847348419556836,2.0936687831768683,0.486680994542112,0.04967167100576747,<0.75
Carcharhinus melanopterus,0.07908848706977871,0.045507455274224215,42.46007609922592,0.033581031795554495,0.13744975958981892,1.737923744432598,Carcharhinidae,threatened,35,52,0.6730769230769231,50.28540740384367,9.030627512776958,0.9216845609767802,0.04905486250062575,0.03512308490387169,0.0035847348419556836,2.0936687831768683,0.486680994542112,0.04967167100576747,<0.75
Carcharhinus obscurus,0.0531466275,0.026308198260678494,50.49883784125626,0.026838429239321508,0.10736440354585158,2.0201545911046113,Carcharhinidae,threatened,35,52,0.6730769230769231,50.28540740384367,9.030627512776958,0.9216845609767802,0.04905486250062575,0.03512308490387169,0.0035847348419556836,2.0936687831768683,0.486680994542112,0.04967167100576747,<0.75
Carcharhinus plumbeus,0.07927586069537818,0.033024234625367514,58.34263502699146,0.04625162607001066,0.19030454937978952,2.400535897188744,Carcharhinidae,threatened,35,52,0.6730769230769231,50.28540740384367,9.030627512776958,0.9216845609767802,0.04905486250062575,0.03512308490387169,0.0035847348419556836,2.0936687831768683,0.486680994542112,0.04967167100576747,<0.75
Carcharhinus porosus,0.0926287246945725,0.02117871479427734,77.13591020052306,0.07145000990029517,0.40512754064100803,4.373670715826514,Carcharhinidae,threatened,35,52,0.6730769230769231,50.28540740384367,9.030627512776958,0.9216845609767802,0.04905486250062575,0.03512308490387169,0.0035847348419556836,2.0936687831768683,0.486680994542112,0.04967167100576747,<0.75
Carcharhinus sealei,0.05447083000691234,0.031664750276407715,41.8684270601541,0.022806079730504622,0.09370265976335843,1.7202355784089867,Carcharhinidae,threatened,35,52,0.6730769230769231,50.28540740384367,9.030627512776958,0.9216845609767802,0.04905486250062575,0.03512308490387169,0.0035847348419556836,2.0936687831768683,0.486680994542112,0.04967167100576747,<0.75
Carcharhinus signatus,0.05517778625,0.024513764886438024,55.57312724477411,0.030664021363561975,0.1241991228012093,2.2508899186075864,Carcharhinidae,threatened,35,52,0.6730769230769231,50.28540740384367,9.030627512776958,0.9216845609767802,0.04905486250062575,0.03512308490387169,0.0035847348419556836,2.0936687831768683,0.486680994542112,0.04967167100576747,<0.75
Carcharhinus sorrah,0.17057887927395027,0.10961406200986318,35.73995650784959,0.06096481726408709,0.2654509240952927,1.5561769735218953,Carcharhinidae,threatened,35,52,0.6730769230769231,50.28540740384367,9.030627512776958,0.9216845609767802,0.04905486250062575,0.03512308490387169,0.0035847348419556836,2.0936687831768683,0.486680994542112,0.04967167100576747,<0.75
Carcharhinus tilstoni,0.17985470525155076,0.08805977477790677,51.03838142308067,0.09179493047364398,0.36733815277980797,2.042416139550181,Carcharhinidae,threatened,35,52,0.6730769230769231,50.28540740384367,9.030627512776958,0.9216845609767802,0.04905486250062575,0.03512308490387169,0.0035847348419556836,2.0936687831768683,0.486680994542112,0.04967167100576747,<0.75
Carcharhinus tjutjot,0.05447083000691234,0.031664750276407715,41.8684270601541,0.022806079730504622,0.09370265976335843,1.7202355784089867,Carcharhinidae,threatened,35,52,0.6730769230769231,50.28540740384367,9.030627512776958,0.9216845609767802,0.04905486250062575,0.03512308490387169,0.0035847348419556836,2.0936687831768683,0.486680994542112,0.04967167100576747,<0.75
Carcharias taurus,0.02610649776317006,0.016951970952094088,35.06608544019563,0.009154526811075973,0.04020471881319566,1.5400272827830153,Odontaspididae,threatened,2,3,0.6666666666666666,48.667116396961255,10.547192549698186,4.305873327607477,0.022610743005173135,0.010426500872535957,0.004256601156732781,2.0106172211299986,0.3653901253779438,0.14916989403792213,<0.75
Carcharodon carcharias,0.09315814152183474,0.04200675946373096,54.90811776887449,0.05115138205810378,0.2065962583782555,2.217694073789919,Lamnidae,threatened,4,5,0.8,53.89408283846557,2.0023013453074943,0.6331832813190981,0.03738095583170548,0.011611951034662327,0.0036720213347881774,2.1724851106472105,0.09128521321438021,0.028866919045154187,>0.75
Centrophorus atromarginatus,0.05335154601158458,0.019388843040517828,63.658329533116444,0.03396270297106675,0.1468054311377935,2.7516621749989523,Centrophoridae,threatened,11,13,0.8461538461538461,70.5225876044745,11.0070554515903,2.4612524221865555,0.03465547246624622,0.014586322023390066,0.0032616007586002463,3.832734119310576,1.2813163813810022,0.2865110529451967,>0.75
Centrophorus granulosus,0.0296279175,0.010531539554550022,64.45399999999994,0.01909637794544998,0.08335091852810428,2.81325606256681,Centrophoridae,threatened,11,13,0.8461538461538461,70.5225876044745,11.0070554515903,2.4612524221865555,0.03465547246624622,0.014586322023390066,0.0032616007586002463,3.832734119310576,1.2813163813810022,0.2865110529451967,>0.75
Centrophorus harrissoni,0.06085329641137688,0.011862437335951626,80.50650000000022,0.048990859075425254,0.3121722441397263,5.129915099905152,Centrophoridae,threatened,11,13,0.8461538461538461,70.5225876044745,11.0070554515903,2.4612524221865555,0.03465547246624622,0.014586322023390066,0.0032616007586002463,3.832734119310576,1.2813163813810022,0.2865110529451967,>0.75
Centrophorus isodon,0.04057274818244219,0.014612275257906475,63.985000000000205,0.025960472924535717,0.11265513864346084,2.7766208524226172,Centrophoridae,threatened,11,13,0.8461538461538461,70.5225876044745,11.0070554515903,2.4612524221865555,0.03465547246624622,0.014586322023390066,0.0032616007586002463,3.832734119310576,1.2813163813810022,0.2865110529451967,>0.75
Centrophorus moluccensis,0.05335154601158458,0.010400083621768204,80.50650000000007,0.042951462389816376,0.27368890148811026,5.129915099905115,Centrophoridae,threatened,11,13,0.8461538461538461,70.5225876044745,11.0070554515903,2.4612524221865555,0.03465547246624622,0.014586322023390066,0.0032616007586002463,3.832734119310576,1.2813163813810022,0.2865110529451967,>0.75
Centrophorus squamosus,0.0347101005,0.01233805232373001,64.45399999999997,0.02237204817626999,0.09764840066392834,2.813256062566812,Centrophoridae,threatened,11,13,0.8461538461538461,70.5225876044745,11.0070554515903,2.4612524221865555,0.03465547246624622,0.014586322023390066,0.0032616007586002463,3.832734119310576,1.2813163813810022,0.2865110529451967,>0.75
Centrophorus tessellatus,0.05335154601158458,0.027876182791052882,47.750000000000114,0.025475363220531698,0.10210822203174105,1.9138755980861286,Centrophoridae,threatened,11,13,0.8461538461538461,70.5225876044745,11.0070554515903,2.4612524221865555,0.03465547246624622,0.014586322023390066,0.0032616007586002463,3.832734119310576,1.2813163813810022,0.2865110529451967,>0.75
Centrophorus uyato,0.05335154601158458,0.010400083621768204,80.50650000000007,0.042951462389816376,0.27368890148811026,5.129915099905115,Centrophoridae,threatened,11,13,0.8461538461538461,70.5225876044745,11.0070554515903,2.4612524221865555,0.03465547246624622,0.014586322023390066,0.0032616007586002463,3.832734119310576,1.2813163813810022,0.2865110529451967,>0.75
Centroscyllium excelsum,0.05335154601158458,0.011257951666961929,78.89854651162796,0.04209359434462265,0.25283351235015133,4.739010042843967,Etmopteridae,threatened,2,28,0.07142857142857142,68.1582037916012,8.087701810317112,1.1924665757106578,0.050592097671171433,0.013686623871717346,0.0020179825968023174,3.3842064980147546,0.9994189041715221,0.1473562782492329,<0.25
Centroscyllium fabricii,0.05427108595755044,0.019291200214470904,64.45399999999995,0.03497988574307953,0.1526784615921633,2.8132560625668113,Etmopteridae,threatened,2,28,0.07142857142857142,68.1582037916012,8.087701810317112,1.1924665757106578,0.050592097671171433,0.013686623871717346,0.0020179825968023174,3.3842064980147546,0.9994189041715221,0.1473562782492329,<0.25
Centroscyllium granulatum,0.05427108595755044,0.01612309952829847,70.29154798761613,0.03814798642925197,0.1826789424603063,3.366045459329733,Etmopteridae,threatened,2,28,0.07142857142857142,68.1582037916012,8.087701810317112,1.1924665757106578,0.050592097671171433,0.013686623871717346,0.0020179825968023174,3.3842064980147546,0.9994189041715221,0.1473562782492329,<0.25
Centroscyllium kamoharai,0.07062541212647888,0.014902988490839987,78.89854651162798,0.055722423635638896,0.3346945373473781,4.739010042843975,Etmopteridae,threatened,2,28,0.07142857142857142,68.1582037916012,8.087701810317112,1.1924665757106578,0.050592097671171433,0.013686623871717346,0.0020179825968023174,3.3842064980147546,0.9994189041715221,0.1473562782492329,<0.25
Centroscyllium nigrum,0.11300190167509323,0.02384504372294586,78.89854651162781,0.08915685795214737,0.5355171468987298,4.739010042843935,Etmopteridae,threatened,2,28,0.07142857142857142,68.1582037916012,8.087701810317112,1.1924665757106578,0.050592097671171433,0.013686623871717346,0.0020179825968023174,3.3842064980147546,0.9994189041715221,0.1473562782492329,<0.25
Centroscyllium ritteri,0.08050563813543204,0.015693366569930447,80.50649999999999,0.0648122715655016,0.41298708869844825,5.129915099905094,Etmopteridae,threatened,2,28,0.07142857142857142,68.1582037916012,8.087701810317112,1.1924665757106578,0.050592097671171433,0.013686623871717346,0.0020179825968023174,3.3842064980147546,0.9994189041715221,0.1473562782492329,<0.25
Centroscymnus coelolepis,0.04975538205702069,0.010499108802724066,78.89854651162787,0.03925627325429662,0.2357912552537586,4.7390100428439474,Somniosidae,threatened,5,16,0.3125,74.87211166800101,6.994929756266878,1.491324034893274,0.0506986126734484,0.01504169122837029,0.003206899345088448,4.234765737303604,0.9660484328140477,0.20596221791016978,<0.50
Centroscymnus macracanthus,0.05317606138019395,0.019151358506076833,63.985000000000035,0.034024702874117116,0.14764976087795087,2.776620852422605,Somniosidae,threatened,5,16,0.3125,74.87211166800101,6.994929756266878,1.491324034893274,0.0506986126734484,0.01504169122837029,0.003206899345088448,4.234765737303604,0.9660484328140477,0.20596221791016978,<0.50
Centroscymnus owstonii,0.05317606138019395,0.010365875525148028,80.50650000000016,0.042810185855045924,0.2727886802277394,5.129915099905138,Somniosidae,threatened,5,16,0.3125,74.87211166800101,6.994929756266878,1.491324034893274,0.0506986126734484,0.01504169122837029,0.003206899345088448,4.234765737303604,0.9660484328140477,0.20596221791016978,<0.50
Cephaloscyllium fasciatum,0.05317606138019395,0.013858976815903645,73.9375642795057,0.039317084564290304,0.20403335264009392,3.8369399189103643,Scyliorhinidae,threatened,3,18,0.16666666666666666,66.38058730343248,11.025110691635168,2.1622020983141605,0.05726314152701535,0.03411048775075919,0.0066896170253572616,3.3984709988786785,1.4901955475885564,0.2922513913931975,<0.25
Cephaloscyllium isabellum,0.05317606138019395,0.017474571591643694,67.13827399380823,0.035701489788550256,0.1618176153321179,3.0430537939838613,Scyliorhinidae,threatened,3,18,0.16666666666666666,66.38058730343248,11.025110691635168,2.1622020983141605,0.05726314152701535,0.03411048775075919,0.0066896170253572616,3.3984709988786785,1.4901955475885564,0.2922513913931975,<0.25
Cephaloscyllium sarawakensis,0.05317606138019395,0.019498779482038913,63.331659066232646,0.03367728189815504,0.14501900011305086,2.7271482006951513,Scyliorhinidae,threatened,3,18,0.16666666666666666,66.38058730343248,11.025110691635168,2.1622020983141605,0.05726314152701535,0.03411048775075919,0.0066896170253572616,3.3984709988786785,1.4901955475885564,0.2922513913931975,<0.25
Cephaloscyllium sufflans,0.05317606138019395,0.019151358506076833,63.985000000000035,0.034024702874117116,0.14764976087795087,2.776620852422605,Scyliorhinidae,threatened,3,18,0.16666666666666666,66.38058730343248,11.025110691635168,2.1622020983141605,0.05726314152701535,0.03411048775075919,0.0066896170253572616,3.3984709988786785,1.4901955475885564,0.2922513913931975,<0.25
Cephaloscyllium umbratile,0.05317606138019395,0.01191044634369689,77.60186438303407,0.04126561503649706,0.23741289136545204,4.464657313899507,Scyliorhinidae,threatened,3,18,0.16666666666666666,66.38058730343248,11.025110691635168,2.1622020983141605,0.05726314152701535,0.03411048775075919,0.0066896170253572616,3.3984709988786785,1.4901955475885564,0.2922513913931975,<0.25
Chiloscyllium burmensis,0.05968235187517175,0.02718998888346903,54.44216249999986,0.03249236299170272,0.13100347854564334,2.1950119998562196,Hemiscylliidae,threatened,1,2,0.5,54.44216249999987,1.2972676148241318e-14,6.486338074120659e-15,0.028383959260300684,0.004743976000529251,0.0023719880002646253,2.19501199985622,8.107922592650824e-16,4.053961296325412e-16,<0.75
Chiloscyllium punctatum,0.04458962394981777,0.020314068420919113,54.44216249999988,0.024275555528898655,0.09787475963892635,2.195011999856221,Hemiscylliidae,threatened,1,2,0.5,54.44216249999987,1.2972676148241318e-14,6.486338074120659e-15,0.028383959260300684,0.004743976000529251,0.0023719880002646253,2.19501199985622,8.107922592650824e-16,4.053961296325412e-16,<0.75
Cirrhigaleus asper,0.035839053295044,0.018725905346660597,47.7499999999997,0.017113147948383402,0.06859148955989243,1.9138755980861135,Squalidae,threatened,9,32,0.28125,62.5696275447229,13.365759894954637,2.014964118615661,0.029466095766209368,0.015338927975631205,0.0023124303991570194,3.1875621795976272,1.6029138869458914,0.24164836064771256,<0.50
Cirrhigaleus australis,0.05317606138019395,0.015523807779911324,70.80677399380815,0.037652253600282626,0.18215205599037038,3.4254521915046356,Squalidae,threatened,9,32,0.28125,62.5696275447229,13.365759894954637,2.014964118615661,0.029466095766209368,0.015338927975631205,0.0023124303991570194,3.1875621795976272,1.6029138869458914,0.24164836064771256,<0.50
Cirrhigaleus barbifer,0.05284252581573869,0.02761021973872346,47.750000000000014,0.025232306077015234,0.10113402069997839,1.9138755980861248,Squalidae,threatened,9,32,0.28125,62.5696275447229,13.365759894954637,2.014964118615661,0.029466095766209368,0.015338927975631205,0.0023124303991570194,3.1875621795976272,1.6029138869458914,0.24164836064771256,<0.50
Dalatias licha,0.13143380775,0.04733588586116241,63.985000000000056,0.08409792188883758,0.36494185131195395,2.7766208524226066,Dalatiidae,threatened,1,4,0.25,63.83526152313949,0.5113195997329233,0.18077877816237062,0.05292835803967216,0.022464833183126313,0.007942517941006593,2.765602796190287,0.038673145291778774,0.013673021642814686,<0.50
Deania profundorum,0.02532582016717329,0.005344116163124824,78.89854651162793,0.019981704004048466,0.12001931611549439,4.7390100428439625,Centrophoridae,threatened,11,13,0.8461538461538461,70.5225876044745,11.0070554515903,2.4612524221865555,0.03465547246624622,0.014586322023390066,0.0032616007586002463,3.832734119310576,1.2813163813810022,0.2865110529451967,>0.75
Deania quadrispinosa,0.08050563813543204,0.015693366569930447,80.50649999999999,0.0648122715655016,0.41298708869844825,5.129915099905094,Centrophoridae,threatened,11,13,0.8461538461538461,70.5225876044745,11.0070554515903,2.4612524221865555,0.03465547246624622,0.014586322023390066,0.0032616007586002463,3.832734119310576,1.2813163813810022,0.2865110529451967,>0.75
Echinorhinus brucus,0.08050563813543204,0.015693366569930447,80.50649999999999,0.0648122715655016,0.41298708869844825,5.129915099905094,Echinorhinidae,threatened,1,2,0.5,80.5065000000001,1.3971999809572467e-13,6.985999904786234e-14,0.04640335643608562,0.021256784210914575,0.010628392105457287,5.129915099905125,3.53862291042832e-14,1.76931145521416e-14,<0.75
Echinorhinus cookei,0.0347728957372008,0.006778454430531156,80.50650000000023,0.027994441306669643,0.178382002909694,5.129915099905156,Echinorhinidae,threatened,1,2,0.5,80.5065000000001,1.3971999809572467e-13,6.985999904786234e-14,0.04640335643608562,0.021256784210914575,0.010628392105457287,5.129915099905125,3.53862291042832e-14,1.76931145521416e-14,<0.75
Etmopterus bigelowi,0.05447083000691234,0.011764381438831606,78.40241935483871,0.04270644856808073,0.25220801765644046,4.630148239423473,Etmopteridae,threatened,2,28,0.07142857142857142,68.1582037916012,8.087701810317112,1.1924665757106578,0.050592097671171433,0.013686623871717346,0.0020179825968023174,3.3842064980147546,0.9994189041715221,0.1473562782492329,<0.25
Etmopterus burgessi,0.04076096491588672,0.01468006151445664,63.984999999999914,0.02608090340143008,0.11317774515031687,2.776620852422595,Etmopteridae,threatened,2,28,0.07142857142857142,68.1582037916012,8.087701810317112,1.1924665757106578,0.050592097671171433,0.013686623871717346,0.0020179825968023174,3.3842064980147546,0.9994189041715221,0.1473562782492329,<0.25
Etmopterus decacuspidatus,0.0811285324105828,0.029218440947671384,63.985000000000014,0.05191009146291141,0.22526317481766714,2.7766208524226026,Etmopteridae,threatened,2,28,0.07142857142857142,68.1582037916012,8.087701810317112,1.1924665757106578,0.050592097671171433,0.013686623871717346,0.0020179825968023174,3.3842064980147546,0.9994189041715221,0.1473562782492329,<0.25
Etmopterus dianthus,0.0811285324105828,0.029218440947671384,63.985000000000014,0.05191009146291141,0.22526317481766714,2.7766208524226026,Etmopteridae,threatened,2,28,0.07142857142857142,68.1582037916012,8.087701810317112,1.1924665757106578,0.050592097671171433,0.013686623871717346,0.0020179825968023174,3.3842064980147546,0.9994189041715221,0.1473562782492329,<0.25
Etmopterus dislineatus,0.0811285324105828,0.029218440947671384,63.985000000000014,0.05191009146291141,0.22526317481766714,2.7766208524226026,Etmopteridae,threatened,2,28,0.07142857142857142,68.1582037916012,8.087701810317112,1.1924665757106578,0.050592097671171433,0.013686623871717346,0.0020179825968023174,3.3842064980147546,0.9994189041715221,0.1473562782492329,<0.25
Etmopterus gracilispinis,0.09208898138893253,0.03316584664722399,63.98500000000007,0.05892313474170854,0.2556961860028674,2.776620852422607,Etmopteridae,threatened,2,28,0.07142857142857142,68.1582037916012,8.087701810317112,1.1924665757106578,0.050592097671171433,0.013686623871717346,0.0020179825968023174,3.3842064980147546,0.9994189041715221,0.1473562782492329,<0.25
Etmopterus granulosus,0.09313561510014665,0.03354279177831785,63.98499999999996,0.059592823321828796,0.2586022909902722,2.7766208524225986,Etmopteridae,threatened,2,28,0.07142857142857142,68.1582037916012,8.087701810317112,1.1924665757106578,0.050592097671171433,0.013686623871717346,0.0020179825968023174,3.3842064980147546,0.9994189041715221,0.1473562782492329,<0.25
Etmopterus joungi,0.09313561510014665,0.04268944285544336,54.1642122516286,0.05044617224470328,0.2031940971789142,2.1817013498050573,Etmopteridae,threatened,2,28,0.07142857142857142,68.1582037916012,8.087701810317112,1.1924665757106578,0.050592097671171433,0.013686623871717346,0.0020179825968023174,3.3842064980147546,0.9994189041715221,0.1473562782492329,<0.25
Etmopterus lucifer,0.09313561510014665,0.03310598574349811,64.45400000000002,0.06002962935664854,0.2620143338213771,2.8132560625668166,Etmopteridae,threatened,2,28,0.07142857142857142,68.1582037916012,8.087701810317112,1.1924665757106578,0.050592097671171433,0.013686623871717346,0.0020179825968023174,3.3842064980147546,0.9994189041715221,0.1473562782492329,<0.25
Etmopterus perryi,0.09313561510014665,0.042430572181950336,54.44216249999994,0.05070504291819631,0.20443379275881238,2.1950119998562236,Etmopteridae,threatened,2,28,0.07142857142857142,68.1582037916012,8.087701810317112,1.1924665757106578,0.050592097671171433,0.013686623871717346,0.0020179825968023174,3.3842064980147546,0.9994189041715221,0.1473562782492329,<0.25
Etmopterus princeps,0.09313561510014665,0.03310598574349811,64.45400000000002,0.06002962935664854,0.2620143338213771,2.8132560625668166,Etmopteridae,threatened,2,28,0.07142857142857142,68.1582037916012,8.087701810317112,1.1924665757106578,0.050592097671171433,0.013686623871717346,0.0020179825968023174,3.3842064980147546,0.9994189041715221,0.1473562782492329,<0.25
Etmopterus pusillus,0.04076096491588672,0.014584477051728868,64.21949999999994,0.026176487864157848,0.11391949502071422,2.794818406674022,Etmopteridae,threatened,2,28,0.07142857142857142,68.1582037916012,8.087701810317112,1.1924665757106578,0.050592097671171433,0.013686623871717346,0.0020179825968023174,3.3842064980147546,0.9994189041715221,0.1473562782492329,<0.25
Etmopterus spinax,0.1022251605475,0.03633695556821436,64.45399999999998,0.06588820497928563,0.28758555265712016,2.813256062566813,Etmopteridae,threatened,2,28,0.07142857142857142,68.1582037916012,8.087701810317112,1.1924665757106578,0.050592097671171433,0.013686623871717346,0.0020179825968023174,3.3842064980147546,0.9994189041715221,0.1473562782492329,<0.25
Etmopterus splendidus,0.06351057749528352,0.023288275084975253,63.33165906623238,0.04022230241030827,0.17320275714137118,2.7271482006951318,Etmopteridae,threatened,2,28,0.07142857142857142,68.1582037916012,8.087701810317112,1.1924665757106578,0.050592097671171433,0.013686623871717346,0.0020179825968023174,3.3842064980147546,0.9994189041715221,0.1473562782492329,<0.25
Etmopterus unicolor,0.06351057749528352,0.013401654970363807,78.89854651162784,0.05010892252491971,0.3009772645769671,4.739010042843943,Etmopteridae,threatened,2,28,0.07142857142857142,68.1582037916012,8.087701810317112,1.1924665757106578,0.050592097671171433,0.013686623871717346,0.0020179825968023174,3.3842064980147546,0.9994189041715221,0.1473562782492329,<0.25
Etmopterus viator,0.06351057749528352,0.02257546987647345,64.45400000000005,0.04093510761881007,0.17867151717572616,2.8132560625668193,Etmopteridae,threatened,2,28,0.07142857142857142,68.1582037916012,8.087701810317112,1.1924665757106578,0.050592097671171433,0.013686623871717346,0.0020179825968023174,3.3842064980147546,0.9994189041715221,0.1473562782492329,<0.25
Etmopterus virens,0.06351057749528352,0.012380434424043045,80.50650000000007,0.051130143071240475,0.3258038704967489,5.129915099905115,Etmopteridae,threatened,2,28,0.07142857142857142,68.1582037916012,8.087701810317112,1.1924665757106578,0.050592097671171433,0.013686623871717346,0.0020179825968023174,3.3842064980147546,0.9994189041715221,0.1473562782492329,<0.25
Eusphyra blochii,0.06351057749528352,0.02838956037317729,55.2994768859005,0.03512101712210623,0.1420801661161118,2.2371102849232174,Sphyrnidae,threatened,8,9,0.8888888888888888,56.030316297247545,5.920177473573734,1.4800443683934335,0.07199399536312569,0.0529353013090922,0.01323382532727305,2.3181722680324452,0.35030008768704807,0.08757502192176202,>0.75
Galeocerdo cuvier,0.15718193569786149,0.054407944028533564,65.38537091621158,0.10277399166932792,0.45409105877571526,2.888951944507026,Carcharhinidae,threatened,35,52,0.6730769230769231,50.28540740384367,9.030627512776958,0.9216845609767802,0.04905486250062575,0.03512308490387169,0.0035847348419556836,2.0936687831768683,0.486680994542112,0.04967167100576747,<0.75
Galeorhinus galeus,0.09532930062829714,0.034414449502619106,63.89939999999993,0.060914851125678036,0.2640656959393942,2.7700370630958986,Triakidae,threatened,20,41,0.4878048780487805,56.39463461301237,9.24754972297642,1.0339074902942311,0.05189325128320132,0.039763366485900814,0.0044456795238355575,2.4250324210885648,0.6533140711665354,0.07304273368927541,<0.50
Galeus atlanticus,0.0811285324105828,0.015814790465456953,80.50650000000002,0.06531374194512585,0.416182483446189,5.129915099905101,Pentanchidae,threatened,7,22,0.3181818181818182,67.5792833774162,11.944179159281262,1.8885405462221934,0.04664339782485291,0.02071120362753407,0.0032747288273274645,3.5276652782041453,1.2643216573059775,0.1999068066082877,<0.50
Galeus melastomus,0.14126944125000002,0.029809905438651897,78.89854651162791,0.11145953581134813,0.6694773008307046,4.739010042843958,Pentanchidae,threatened,7,22,0.3181818181818182,67.5792833774162,11.944179159281262,1.8885405462221934,0.04664339782485291,0.02071120362753407,0.0032747288273274645,3.5276652782041453,1.2643216573059775,0.1999068066082877,<0.50
Galeus mincaronei,0.0811285324105828,0.03718590191908334,54.164212251628705,0.043942630491499456,0.17699822866787224,2.1817013498050626,Pentanchidae,threatened,7,22,0.3181818181818182,67.5792833774162,11.944179159281262,1.8885405462221934,0.04664339782485291,0.02071120362753407,0.0032747288273274645,3.5276652782041453,1.2643216573059775,0.1999068066082877,<0.50
Galeus murinus,0.0811285324105828,0.017119299532417927,78.89854651162801,0.06400923287816487,0.3844689298549452,4.73901004284398,Pentanchidae,threatened,7,22,0.3181818181818182,67.5792833774162,11.944179159281262,1.8885405462221934,0.04664339782485291,0.02071120362753407,0.0032747288273274645,3.5276652782041453,1.2643216573059775,0.1999068066082877,<0.50
Galeus nipponensis,0.0811285324105828,0.02948346390327302,63.658329533116195,0.05164506850730977,0.22323831394737575,2.751662174998934,Pentanchidae,threatened,7,22,0.3181818181818182,67.5792833774162,11.944179159281262,1.8885405462221934,0.04664339782485291,0.02071120362753407,0.0032747288273274645,3.5276652782041453,1.2643216573059775,0.1999068066082877,<0.50
Galeus polli,0.0811285324105828,0.029218440947671384,63.985000000000014,0.05191009146291141,0.22526317481766714,2.7766208524226026,Pentanchidae,threatened,7,22,0.3181818181818182,67.5792833774162,11.944179159281262,1.8885405462221934,0.04664339782485291,0.02071120362753407,0.0032747288273274645,3.5276652782041453,1.2643216573059775,0.1999068066082877,<0.50
Galeus sauteri,0.05120529215092549,0.023612674262944323,53.886262003257514,0.027592617887981164,0.11104129566452121,2.1685511594628064,Pentanchidae,threatened,7,22,0.3181818181818182,67.5792833774162,11.944179159281262,1.8885405462221934,0.04664339782485291,0.02071120362753407,0.0032747288273274645,3.5276652782041453,1.2643216573059775,0.1999068066082877,<0.50
Galeus schultzi,0.04076096491588672,0.021297604168550775,47.750000000000085,0.019463360747335942,0.07801141610696036,1.9138755980861277,Pentanchidae,threatened,7,22,0.3181818181818182,67.5792833774162,11.944179159281262,1.8885405462221934,0.04664339782485291,0.02071120362753407,0.0032747288273274645,3.5276652782041453,1.2643216573059775,0.1999068066082877,<0.50
Ginglymostoma cirratum,0.05413756275,0.019497643224412543,63.984999999999914,0.034639919525587454,0.15031948563098674,2.776620852422595,Ginglymostomatidae,threatened,4,4,1,67.81999999999992,5.423509011700831,3.8350000000000075,0.0362704296553454,0.0023058895390904066,0.001630510129757949,3.152289964048655,0.5312763526262259,0.3756691116260597,>0.75
Halaelurus boesemani,0.0811285324105828,0.04278521483468111,47.2624321389795,0.03834331757590168,0.15383442145906517,1.8961814898921834,Pentanchidae,threatened,7,22,0.3181818181818182,67.5792833774162,11.944179159281262,1.8885405462221934,0.04664339782485291,0.02071120362753407,0.0032747288273274645,3.5276652782041453,1.2643216573059775,0.1999068066082877,<0.50
Halaelurus buergeri,0.0811285324105828,0.03895088307709102,51.98867535287736,0.042177649333491773,0.1689779088722662,2.0828419281281603,Pentanchidae,threatened,7,22,0.3181818181818182,67.5792833774162,11.944179159281262,1.8885405462221934,0.04664339782485291,0.02071120362753407,0.0032747288273274645,3.5276652782041453,1.2643216573059775,0.1999068066082877,<0.50
Halaelurus natalensis,0.0811285324105828,0.029748486858874656,63.33165906623238,0.05138004555170814,0.22124953118855753,2.7271482006951318,Pentanchidae,threatened,7,22,0.3181818181818182,67.5792833774162,11.944179159281262,1.8885405462221934,0.04664339782485291,0.02071120362753407,0.0032747288273274645,3.5276652782041453,1.2643216573059775,0.1999068066082877,<0.50
Haploblepharus edwardsii,0.0811285324105828,0.029748486858874656,63.33165906623238,0.05138004555170814,0.22124953118855753,2.7271482006951318,Pentanchidae,threatened,7,22,0.3181818181818182,67.5792833774162,11.944179159281262,1.8885405462221934,0.04664339782485291,0.02071120362753407,0.0032747288273274645,3.5276652782041453,1.2643216573059775,0.1999068066082877,<0.50
Haploblepharus pictus,0.0811285324105828,0.029218440947671384,63.985000000000014,0.05191009146291141,0.22526317481766714,2.7766208524226026,Pentanchidae,threatened,7,22,0.3181818181818182,67.5792833774162,11.944179159281262,1.8885405462221934,0.04664339782485291,0.02071120362753407,0.0032747288273274645,3.5276652782041453,1.2643216573059775,0.1999068066082877,<0.50
Hemitriakis abdita,0.03938484108689116,0.02298105477420094,41.65000000000013,0.016403786312690218,0.06749758541026776,1.7137960582690694,Triakidae,threatened,20,41,0.4878048780487805,56.39463461301237,9.24754972297642,1.0339074902942311,0.05189325128320132,0.039763366485900814,0.0044456795238355575,2.4250324210885648,0.6533140711665354,0.07304273368927541,<0.50
Hemitriakis complicofasciata,0.03938484108689116,0.02068206412247747,47.48724749999999,0.01870277696441369,0.07500052694227208,1.9042993413837903,Triakidae,threatened,20,41,0.4878048780487805,56.39463461301237,9.24754972297642,1.0339074902942311,0.05189325128320132,0.039763366485900814,0.0044456795238355575,2.4250324210885648,0.6533140711665354,0.07304273368927541,<0.50
Hemitriakis indroyonoi,0.03938484108689116,0.02068206412247747,47.48724749999999,0.01870277696441369,0.07500052694227208,1.9042993413837903,Triakidae,threatened,20,41,0.4878048780487805,56.39463461301237,9.24754972297642,1.0339074902942311,0.05189325128320132,0.039763366485900814,0.0044456795238355575,2.4250324210885648,0.6533140711665354,0.07304273368927541,<0.50
Hemitriakis japanica,0.03938484108689116,0.012280445330690242,68.81936046511646,0.027104395756200918,0.12631184502431106,3.2071183109674313,Triakidae,threatened,20,41,0.4878048780487805,56.39463461301237,9.24754972297642,1.0339074902942311,0.05189325128320132,0.039763366485900814,0.0044456795238355575,2.4250324210885648,0.6533140711665354,0.07304273368927541,<0.50
Hemitriakis leucoperiptera,0.03938484108689116,0.018289254345829134,53.56270625675693,0.021095586741062024,0.08481295508875754,2.153441597025681,Triakidae,threatened,20,41,0.4878048780487805,56.39463461301237,9.24754972297642,1.0339074902942311,0.05189325128320132,0.039763366485900814,0.0044456795238355575,2.4250324210885648,0.6533140711665354,0.07304273368927541,<0.50
Heptranchias perlo,0.04139485851165921,0.018202500704366714,56.0271459818136,0.023192357807292494,0.09413730228776832,2.2741303068170593,Hexanchidae,threatened,1,5,0.2,60.03389644323828,4.825941033649372,1.7062278152499437,0.045847076815157144,0.02479232750140187,0.008765411448819498,2.5364419348235403,0.3257074347755,0.11515496790631559,<0.25
Hexanchus griseus,0.12314403825,0.04091826238663316,66.77203138038787,0.08222577586336685,0.37060357092463597,3.0095128939352933,Hexanchidae,threatened,1,5,0.2,60.03389644323828,4.825941033649372,1.7062278152499437,0.045847076815157144,0.02479232750140187,0.008765411448819498,2.5364419348235403,0.3257074347755,0.11515496790631559,<0.25
Hexanchus nakamurai,0.04629853506697751,0.01781317227882454,61.52540841075162,0.02848536278815297,0.12033535160361654,2.5991179079323805,Hexanchidae,threatened,1,5,0.2,60.03389644323828,4.825941033649372,1.7062278152499437,0.045847076815157144,0.02479232750140187,0.008765411448819498,2.5364419348235403,0.3257074347755,0.11515496790631559,<0.25
Holohalaelurus punctatus,0.03938484108689116,0.014441767805963792,63.331659066232504,0.024943073280927368,0.10740829850477927,2.7271482006951406,Pentanchidae,threatened,7,22,0.3181818181818182,67.5792833774162,11.944179159281262,1.8885405462221934,0.04664339782485291,0.02071120362753407,0.0032747288273274645,3.5276652782041453,1.2643216573059775,0.1999068066082877,<0.50
Hypogaleus hyugaensis,0.03938484108689116,0.019114574391225717,51.46717908787549,0.02027026669566544,0.08115094145918893,2.060461315056548,Triakidae,threatened,20,41,0.4878048780487805,56.39463461301237,9.24754972297642,1.0339074902942311,0.05189325128320132,0.039763366485900814,0.0044456795238355575,2.4250324210885648,0.6533140711665354,0.07304273368927541,<0.50
Iago garricki,0.03938484108689116,0.01970677068204111,49.96356431002509,0.019678070404850048,0.0787123234175174,1.9985436336752413,Triakidae,threatened,20,41,0.4878048780487805,56.39463461301237,9.24754972297642,1.0339074902942311,0.05189325128320132,0.039763366485900814,0.0044456795238355575,2.4250324210885648,0.6533140711665354,0.07304273368927541,<0.50
Iago omanensis,0.03938484108689116,0.016759099430875325,57.44784295586908,0.022625741656015833,0.0925566265560758,2.350057128626636,Triakidae,threatened,20,41,0.4878048780487805,56.39463461301237,9.24754972297642,1.0339074902942311,0.05189325128320132,0.039763366485900814,0.0044456795238355575,2.4250324210885648,0.6533140711665354,0.07304273368927541,<0.50
Isistius brasiliensis,0.03938484108689116,0.014555411105996114,63.04311327831984,0.024829429980895046,0.10656969398828359,2.705855629915293,Dalatiidae,threatened,1,4,0.25,63.83526152313949,0.5113195997329233,0.18077877816237062,0.05292835803967216,0.022464833183126313,0.007942517941006593,2.765602796190287,0.038673145291778774,0.013673021642814686,<0.50
Isistius plutodus,0.07908848706977871,0.028212498243734105,64.32793281423807,0.050875988826044605,0.22170985117830766,2.803313850000646,Dalatiidae,threatened,1,4,0.25,63.83526152313949,0.5113195997329233,0.18077877816237062,0.05292835803967216,0.022464833183126313,0.007942517941006593,2.765602796190287,0.038673145291778774,0.013673021642814686,<0.50
Isogomphodon oxyrhynchus,0.08019986506946719,0.04017801021566484,49.90264611933746,0.04002185485380235,0.16008802632672411,1.996113412261476,Carcharhinidae,threatened,35,52,0.6730769230769231,50.28540740384367,9.030627512776958,0.9216845609767802,0.04905486250062575,0.03512308490387169,0.0035847348419556836,2.0936687831768683,0.486680994542112,0.04967167100576747,<0.75
Isurus oxyrinchus,0.0816197286119908,0.03815679646592244,53.25052274148727,0.043462932146068355,0.17458960698245765,2.139061351360688,Lamnidae,threatened,4,5,0.8,53.89408283846557,2.0023013453074943,0.6331832813190981,0.03738095583170548,0.011611951034662327,0.0036720213347881774,2.1724851106472105,0.09128521321438021,0.028866919045154187,>0.75
Isurus paucus,0.03429803012209115,0.015123778780112786,55.90481807183541,0.019174251341978366,0.07778180885604696,2.267821463190919,Lamnidae,threatened,4,5,0.8,53.89408283846557,2.0023013453074943,0.6331832813190981,0.03738095583170548,0.011611951034662327,0.0036720213347881774,2.1724851106472105,0.09128521321438021,0.028866919045154187,>0.75
Lamiopsis tephrodes,0.03598158069153816,0.018025819810895884,49.902646119337824,0.017955760880642276,0.0718233158127484,1.9961134122614905,Carcharhinidae,threatened,35,52,0.6730769230769231,50.28540740384367,9.030627512776958,0.9216845609767802,0.04905486250062575,0.03512308490387169,0.0035847348419556836,2.0936687831768683,0.486680994542112,0.04967167100576747,<0.75
Lamna ditropis,0.0820256595,0.040603654720873975,50.49883784125628,0.041422004779126026,0.16570451262730862,2.0201545911046117,Lamnidae,threatened,4,5,0.8,53.89408283846557,2.0023013453074943,0.6331832813190981,0.03738095583170548,0.011611951034662327,0.0036720213347881774,2.1724851106472105,0.09128521321438021,0.028866919045154187,>0.75
Lamna nasus,0.05772226424999999,0.026028055416749112,54.90811776887439,0.03169420883325087,0.1280103233529604,2.217694073789914,Lamnidae,threatened,4,5,0.8,53.89408283846557,2.0023013453074943,0.6331832813190981,0.03738095583170548,0.011611951034662327,0.0036720213347881774,2.1724851106472105,0.09128521321438021,0.028866919045154187,>0.75
Loxodon macrorhinus,0.0566329797761521,0.02502554743328389,55.810999999999936,0.03160743234286821,0.12816080874460162,2.263006630609424,Carcharhinidae,threatened,35,52,0.6730769230769231,50.28540740384367,9.030627512776958,0.9216845609767802,0.04905486250062575,0.03512308490387169,0.0035847348419556836,2.0936687831768683,0.486680994542112,0.04967167100576747,<0.75
Mustelus albipinnis,0.04251404263055997,0.02063326417239395,51.46717908787546,0.021880778458166016,0.08759854018693368,2.0604613150565467,Triakidae,threatened,20,41,0.4878048780487805,56.39463461301237,9.24754972297642,1.0339074902942311,0.05189325128320132,0.039763366485900814,0.0044456795238355575,2.4250324210885648,0.6533140711665354,0.07304273368927541,<0.50
Mustelus antarcticus,0.17685819602705433,0.048196397919674325,72.74856410256405,0.12866179810738,0.6489867054810666,3.669531410247959,Triakidae,threatened,20,41,0.4878048780487805,56.39463461301237,9.24754972297642,1.0339074902942311,0.05189325128320132,0.039763366485900814,0.0044456795238355575,2.4250324210885648,0.6533140711665354,0.07304273368927541,<0.50
Mustelus asterias,0.0997000935,0.04622187107214529,53.6390895439378,0.053478222427854716,0.21505206114208897,2.1569895633256246,Triakidae,threatened,20,41,0.4878048780487805,56.39463461301237,9.24754972297642,1.0339074902942311,0.05189325128320132,0.039763366485900814,0.0044456795238355575,2.4250324210885648,0.6533140711665354,0.07304273368927541,<0.50
Mustelus californicus,0.29895817604287167,0.0945108054498887,68.3866129032258,0.20444737059298296,0.9456695517241082,3.163216889537404,Triakidae,threatened,20,41,0.4878048780487805,56.39463461301237,9.24754972297642,1.0339074902942311,0.05189325128320132,0.039763366485900814,0.0044456795238355575,2.4250324210885648,0.6533140711665354,0.07304273368927541,<0.50
Mustelus canis,0.169381834875,0.09883430064956243,41.650000000000034,0.07054753422543757,0.29028592095115696,1.7137960582690668,Triakidae,threatened,20,41,0.4878048780487805,56.39463461301237,9.24754972297642,1.0339074902942311,0.05189325128320132,0.039763366485900814,0.0044456795238355575,2.4250324210885648,0.6533140711665354,0.07304273368927541,<0.50
Mustelus dorsalis,0.06351057749528352,0.03441320641581939,45.81499999999998,0.029097371079464134,0.11721062562569623,1.8455292054996766,Triakidae,threatened,20,41,0.4878048780487805,56.39463461301237,9.24754972297642,1.0339074902942311,0.05189325128320132,0.039763366485900814,0.0044456795238355575,2.4250324210885648,0.6533140711665354,0.07304273368927541,<0.50
Mustelus fasciatus,0.06351057749528352,0.035698487870705835,43.791271818687356,0.027812089624577686,0.11299059692369713,1.779083128823512,Triakidae,threatened,20,41,0.4878048780487805,56.39463461301237,9.24754972297642,1.0339074902942311,0.05189325128320132,0.039763366485900814,0.0044456795238355575,2.4250324210885648,0.6533140711665354,0.07304273368927541,<0.50
Mustelus griseus,0.06351057749528352,0.02806468908939081,55.811000000000035,0.03544588840589271,0.14372485798566062,2.2630066306094294,Triakidae,threatened,20,41,0.4878048780487805,56.39463461301237,9.24754972297642,1.0339074902942311,0.05189325128320132,0.039763366485900814,0.0044456795238355575,2.4250324210885648,0.6533140711665354,0.07304273368927541,<0.50
Mustelus henlei,0.2441266674511978,0.10787713308000974,55.81100000000002,0.13624953437118806,0.5524602671506437,2.263006630609429,Triakidae,threatened,20,41,0.4878048780487805,56.39463461301237,9.24754972297642,1.0339074902942311,0.05189325128320132,0.039763366485900814,0.0044456795238355575,2.4250324210885648,0.6533140711665354,0.07304273368927541,<0.50
Mustelus higmani,0.06351057749528352,0.02806468908939081,55.811000000000035,0.03544588840589271,0.14372485798566062,2.2630066306094294,Triakidae,threatened,20,41,0.4878048780487805,56.39463461301237,9.24754972297642,1.0339074902942311,0.05189325128320132,0.039763366485900814,0.0044456795238355575,2.4250324210885648,0.6533140711665354,0.07304273368927541,<0.50
Mustelus lenticulatus,0.151673631,0.06702306080259007,55.81099999999996,0.08465057019740993,0.3432384326416073,2.2630066306094254,Triakidae,threatened,20,41,0.4878048780487805,56.39463461301237,9.24754972297642,1.0339074902942311,0.05189325128320132,0.039763366485900814,0.0044456795238355575,2.4250324210885648,0.6533140711665354,0.07304273368927541,<0.50
Mustelus lunulatus,0.0811285324105828,0.02928788697141485,63.89940000000001,0.05184064543916794,0.22472904165189167,2.770037063095905,Triakidae,threatened,20,41,0.4878048780487805,56.39463461301237,9.24754972297642,1.0339074902942311,0.05189325128320132,0.039763366485900814,0.0044456795238355575,2.4250324210885648,0.6533140711665354,0.07304273368927541,<0.50
Mustelus manazo,0.224813844,0.07308881783112411,67.48918281423802,0.1517250261688759,0.6915047466061746,3.0758993054100996,Triakidae,threatened,20,41,0.4878048780487805,56.39463461301237,9.24754972297642,1.0339074902942311,0.05189325128320132,0.039763366485900814,0.0044456795238355575,2.4250324210885648,0.6533140711665354,0.07304273368927541,<0.50
Mustelus mento,0.0811285324105828,0.030954710416382057,61.844853473099214,0.050173821994200736,0.21262801953436133,2.6208784162182766,Triakidae,threatened,20,41,0.4878048780487805,56.39463461301237,9.24754972297642,1.0339074902942311,0.05189325128320132,0.039763366485900814,0.0044456795238355575,2.4250324210885648,0.6533140711665354,0.07304273368927541,<0.50
Mustelus minicanis,0.0811285324105828,0.039373965343463053,51.46717908787547,0.04175456706711974,0.16716220257931713,2.060461315056547,Triakidae,threatened,20,41,0.4878048780487805,56.39463461301237,9.24754972297642,1.0339074902942311,0.05189325128320132,0.039763366485900814,0.0044456795238355575,2.4250324210885648,0.6533140711665354,0.07304273368927541,<0.50
Mustelus mosis,0.0811285324105828,0.03584988718691236,55.811000000000085,0.045278645223670436,0.1835944067767611,2.263006630609432,Triakidae,threatened,20,41,0.4878048780487805,56.39463461301237,9.24754972297642,1.0339074902942311,0.05189325128320132,0.039763366485900814,0.0044456795238355575,2.4250324210885648,0.6533140711665354,0.07304273368927541,<0.50
Mustelus mustelus,0.12063595575,0.059369779262804914,50.786000000000065,0.06126617648719508,0.24512528091599983,2.031942130288132,Triakidae,threatened,20,41,0.4878048780487805,56.39463461301237,9.24754972297642,1.0339074902942311,0.05189325128320132,0.039763366485900814,0.0044456795238355575,2.4250324210885648,0.6533140711665354,0.07304273368927541,<0.50
Mustelus norrisi,0.0811285324105828,0.03920155327923311,51.67969626168232,0.041926979131349684,0.1678973974376084,2.0695234148683683,Triakidae,threatened,20,41,0.4878048780487805,56.39463461301237,9.24754972297642,1.0339074902942311,0.05189325128320132,0.039763366485900814,0.0044456795238355575,2.4250324210885648,0.6533140711665354,0.07304273368927541,<0.50
Mustelus palumbes,0.0811285324105828,0.039373965343463053,51.46717908787547,0.04175456706711974,0.16716220257931713,2.060461315056547,Triakidae,threatened,20,41,0.4878048780487805,56.39463461301237,9.24754972297642,1.0339074902942311,0.05189325128320132,0.039763366485900814,0.0044456795238355575,2.4250324210885648,0.6533140711665354,0.07304273368927541,<0.50
Mustelus punctulatus,0.0811285324105828,0.024158535509755694,70.22190000000008,0.0569699969008271,0.2724436159814864,3.358172616788857,Triakidae,threatened,20,41,0.4878048780487805,56.39463461301237,9.24754972297642,1.0339074902942311,0.05189325128320132,0.039763366485900814,0.0044456795238355575,2.4250324210885648,0.6533140711665354,0.07304273368927541,<0.50
Mustelus ravidus,0.0811285324105828,0.039373965343463053,51.46717908787547,0.04175456706711974,0.16716220257931713,2.060461315056547,Triakidae,threatened,20,41,0.4878048780487805,56.39463461301237,9.24754972297642,1.0339074902942311,0.05189325128320132,0.039763366485900814,0.0044456795238355575,2.4250324210885648,0.6533140711665354,0.07304273368927541,<0.50
Mustelus schmitti,0.11062240575,0.051285554474099514,53.639089543937615,0.059336851275900486,0.23861137467272162,2.156989563325616,Triakidae,threatened,20,41,0.4878048780487805,56.39463461301237,9.24754972297642,1.0339074902942311,0.05189325128320132,0.039763366485900814,0.0044456795238355575,2.4250324210885648,0.6533140711665354,0.07304273368927541,<0.50
Mustelus sinusmexicanus,0.0811285324105828,0.04410207084590198,45.63925965934385,0.03702646156468081,0.14924103664185592,1.8395628788964535,Triakidae,threatened,20,41,0.4878048780487805,56.39463461301237,9.24754972297642,1.0339074902942311,0.05189325128320132,0.039763366485900814,0.0044456795238355575,2.4250324210885648,0.6533140711665354,0.07304273368927541,<0.50
Mustelus stevensi,0.0811285324105828,0.03992659594054416,50.78600000000007,0.041201936470038635,0.1648484829735094,2.0319421302881326,Triakidae,threatened,20,41,0.4878048780487805,56.39463461301237,9.24754972297642,1.0339074902942311,0.05189325128320132,0.039763366485900814,0.0044456795238355575,2.4250324210885648,0.6533140711665354,0.07304273368927541,<0.50
Mustelus walkeri,0.0811285324105828,0.024282922010802822,70.06857971014493,0.05684561039977997,0.2710480546026091,3.340970760211266,Triakidae,threatened,20,41,0.4878048780487805,56.39463461301237,9.24754972297642,1.0339074902942311,0.05189325128320132,0.039763366485900814,0.0044456795238355575,2.4250324210885648,0.6533140711665354,0.07304273368927541,<0.50
Mustelus whitneyi,0.05447083000691234,0.026436230376602622,51.46717908787535,0.028034599630309714,0.11223503802826394,2.060461315056542,Triakidae,threatened,20,41,0.4878048780487805,56.39463461301237,9.24754972297642,1.0339074902942311,0.05189325128320132,0.039763366485900814,0.0044456795238355575,2.4250324210885648,0.6533140711665354,0.07304273368927541,<0.50
Mustelus widodoi,0.05447083000691234,0.026436230376602622,51.46717908787535,0.028034599630309714,0.11223503802826394,2.060461315056542,Triakidae,threatened,20,41,0.4878048780487805,56.39463461301237,9.24754972297642,1.0339074902942311,0.05189325128320132,0.039763366485900814,0.0044456795238355575,2.4250324210885648,0.6533140711665354,0.07304273368927541,<0.50
Nasolamia velox,0.05289364285130611,0.031094793407935556,41.21260754274608,0.02179884944337055,0.08997446670179607,1.7010449999583328,Carcharhinidae,threatened,35,52,0.6730769230769231,50.28540740384367,9.030627512776958,0.9216845609767802,0.04905486250062575,0.03512308490387169,0.0035847348419556836,2.0936687831768683,0.486680994542112,0.04967167100576747,<0.75
Nebrius ferrugineus,0.05289364285130611,0.014992703066202751,71.65499999999993,0.03790093978510335,0.18660660734276235,3.5279590756747146,Ginglymostomatidae,threatened,4,4,1,67.81999999999992,5.423509011700831,3.8350000000000075,0.0362704296553454,0.0023058895390904066,0.001630510129757949,3.152289964048655,0.5312763526262259,0.3756691116260597,>0.75
Negaprion acutidens,0.05289364285130611,0.02726330092011665,48.45637499999977,0.025630341931189456,0.10261917521576311,1.9401041350894426,Carcharhinidae,threatened,35,52,0.6730769230769231,50.28540740384367,9.030627512776958,0.9216845609767802,0.04905486250062575,0.03512308490387169,0.0035847348419556836,2.0936687831768683,0.486680994542112,0.04967167100576747,<0.75
Negaprion brevirostris,0.07868339372986317,0.03575149445872313,54.562846410176945,0.042931899271140044,0.17316972458302618,2.2008420884533106,Carcharhinidae,threatened,35,52,0.6730769230769231,50.28540740384367,9.030627512776958,0.9216845609767802,0.04905486250062575,0.03512308490387169,0.0035847348419556836,2.0936687831768683,0.486680994542112,0.04967167100576747,<0.75
Notorynchus cepedianus,0.088664977875,0.039180167073183725,55.81100000000002,0.04948481080181627,0.2006494328339633,2.263006630609429,Hexanchidae,threatened,1,5,0.2,60.03389644323828,4.825941033649372,1.7062278152499437,0.045847076815157144,0.02479232750140187,0.008765411448819498,2.5364419348235403,0.3257074347755,0.11515496790631559,<0.25
Odontaspis ferox,0.05289364285130611,0.023258844355905667,56.027145981813696,0.02963479849540044,0.12028703624611298,2.274130306817064,Odontaspididae,threatened,2,3,0.6666666666666666,48.667116396961255,10.547192549698186,4.305873327607477,0.022610743005173135,0.010426500872535957,0.004256601156732781,2.0106172211299986,0.3653901253779438,0.14916989403792213,<0.75
Odontaspis noronhai,0.05289364285130611,0.02385073914226311,54.90811776887444,0.029042903709042996,0.11730191829250194,2.2176940737899167,Odontaspididae,threatened,2,3,0.6666666666666666,48.667116396961255,10.547192549698186,4.305873327607477,0.022610743005173135,0.010426500872535957,0.004256601156732781,2.0106172211299986,0.3653901253779438,0.14916989403792213,<0.75
Oxynotus centrina,0.097129464,0.019104661732104233,80.33072463768127,0.07802480226789577,0.49381312839859404,5.084071383309539,Oxynotidae,threatened,2,2,1,80.41861231884064,0.12429195066111731,0.08788768115937984,0.08484126694405329,0.009639936792459102,0.006816464676157526,5.106993241607322,0.03241640287951998,0.022921858297783704,>0.75
Oxynotus paradoxus,0.11385134320857418,0.022193611588363353,80.50650000000003,0.09165773162021082,0.5840477246701433,5.129915099905106,Oxynotidae,threatened,2,2,1,80.41861231884064,0.12429195066111731,0.08788768115937984,0.08484126694405329,0.009639936792459102,0.006816464676157526,5.106993241607322,0.03241640287951998,0.022921858297783704,>0.75
Pentanchus profundicolus,0.06673576301903358,0.01300913596411533,80.50649999999997,0.05372662705491825,0.34234879841502797,5.129915099905088,Pentanchidae,threatened,7,22,0.3181818181818182,67.5792833774162,11.944179159281262,1.8885405462221934,0.04664339782485291,0.02071120362753407,0.0032747288273274645,3.5276652782041453,1.2643216573059775,0.1999068066082877,<0.50
Poroderma africanum,0.08277426125416902,0.02981115019068895,63.985000000000035,0.052963111063480076,0.22983273984220215,2.7766208524226044,Scyliorhinidae,threatened,3,18,0.16666666666666666,66.38058730343248,11.025110691635168,2.1622020983141605,0.05726314152701535,0.03411048775075919,0.0066896170253572616,3.3984709988786785,1.4901955475885564,0.2922513913931975,<0.25
Poroderma pantherinum,0.0811285324105828,0.029748486858874656,63.33165906623238,0.05138004555170814,0.22124953118855753,2.7271482006951318,Scyliorhinidae,threatened,3,18,0.16666666666666666,66.38058730343248,11.025110691635168,2.1622020983141605,0.05726314152701535,0.03411048775075919,0.0066896170253572616,3.3984709988786785,1.4901955475885564,0.2922513913931975,<0.25
Prionace glauca,0.3728700730887175,0.15873494939263252,57.428884523305655,0.21413512369608498,0.8758757408948941,2.349010564563318,Carcharhinidae,threatened,35,52,0.6730769230769231,50.28540740384367,9.030627512776958,0.9216845609767802,0.04905486250062575,0.03512308490387169,0.0035847348419556836,2.0936687831768683,0.486680994542112,0.04967167100576747,<0.75
Rhizoprionodon acutus,0.07411682457513344,0.03568423308594831,51.85407187841052,0.03843259148918513,0.15394204134554457,2.077018844614572,Carcharhinidae,threatened,35,52,0.6730769230769231,50.28540740384367,9.030627512776958,0.9216845609767802,0.04905486250062575,0.03512308490387169,0.0035847348419556836,2.0936687831768683,0.486680994542112,0.04967167100576747,<0.75
Rhizoprionodon lalandii,0.0811285324105828,0.04064324797991759,49.902646119337554,0.0404852844306652,0.16194175166185446,1.9961134122614794,Carcharhinidae,threatened,35,52,0.6730769230769231,50.28540740384367,9.030627512776958,0.9216845609767802,0.04905486250062575,0.03512308490387169,0.0035847348419556836,2.0936687831768683,0.486680994542112,0.04967167100576747,<0.75
Rhizoprionodon longurio,0.0811285324105828,0.046681295810864186,42.46007609922591,0.03444723659971861,0.14099520282732136,1.7379237444325972,Carcharhinidae,threatened,35,52,0.6730769230769231,50.28540740384367,9.030627512776958,0.9216845609767802,0.04905486250062575,0.03512308490387169,0.0035847348419556836,2.0936687831768683,0.486680994542112,0.04967167100576747,<0.75
Rhizoprionodon oligolinx,0.0811285324105828,0.03727263469896229,54.05730438912726,0.0438558977116205,0.17658635683401872,2.1766245682879375,Carcharhinidae,threatened,35,52,0.6730769230769231,50.28540740384367,9.030627512776958,0.9216845609767802,0.04905486250062575,0.03512308490387169,0.0035847348419556836,2.0936687831768683,0.486680994542112,0.04967167100576747,<0.75
Rhizoprionodon porosus,0.0811285324105828,0.03937225863423919,51.4692827980908,0.041756273776343604,0.16716944872883766,2.0605506319627604,Carcharhinidae,threatened,35,52,0.6730769230769231,50.28540740384367,9.030627512776958,0.9216845609767802,0.04905486250062575,0.03512308490387169,0.0035847348419556836,2.0936687831768683,0.486680994542112,0.04967167100576747,<0.75
Rhizoprionodon taylori,0.3746675473682105,0.23271310148446758,37.88810823912511,0.14195444588374292,0.6032138721690307,1.6099976536697815,Carcharhinidae,threatened,35,52,0.6730769230769231,50.28540740384367,9.030627512776958,0.9216845609767802,0.04905486250062575,0.03512308490387169,0.0035847348419556836,2.0936687831768683,0.486680994542112,0.04967167100576747,<0.75
Rhizoprionodon terraenovae,0.23216899374076305,0.10715284115485872,53.84704932885903,0.12501615258590432,0.5030425798668086,2.1667087054204126,Carcharhinidae,threatened,35,52,0.6730769230769231,50.28540740384367,9.030627512776958,0.9216845609767802,0.04905486250062575,0.03512308490387169,0.0035847348419556836,2.0936687831768683,0.486680994542112,0.04967167100576747,<0.75
Schroederichthys saurisqualus,0.0811285324105828,0.029218440947671384,63.985000000000014,0.05191009146291141,0.22526317481766714,2.7766208524226026,Scyliorhinidae,threatened,3,18,0.16666666666666666,66.38058730343248,11.025110691635168,2.1622020983141605,0.05726314152701535,0.03411048775075919,0.0066896170253572616,3.3984709988786785,1.4901955475885564,0.2922513913931975,<0.25
Scyliorhinus boa,0.0811285324105828,0.029218440947671384,63.985000000000014,0.05191009146291141,0.22526317481766714,2.7766208524226026,Scyliorhinidae,threatened,3,18,0.16666666666666666,66.38058730343248,11.025110691635168,2.1622020983141605,0.05726314152701535,0.03411048775075919,0.0066896170253572616,3.3984709988786785,1.4901955475885564,0.2922513913931975,<0.25
Scyliorhinus canicula,0.3396902248020769,0.17748814245908506,47.75000000000003,0.16220208234299183,0.6501248321570853,1.9138755980861253,Scyliorhinidae,threatened,3,18,0.16666666666666666,66.38058730343248,11.025110691635168,2.1622020983141605,0.05726314152701535,0.03411048775075919,0.0066896170253572616,3.3984709988786785,1.4901955475885564,0.2922513913931975,<0.25
Scyliorhinus haeckelii,0.0811285324105828,0.04258743650960525,47.506216069489824,0.03854109590097754,0.15454883671174954,1.9049874577983794,Scyliorhinidae,threatened,3,18,0.16666666666666666,66.38058730343248,11.025110691635168,2.1622020983141605,0.05726314152701535,0.03411048775075919,0.0066896170253572616,3.3984709988786785,1.4901955475885564,0.2922513913931975,<0.25
Scyliorhinus torazame,0.0811285324105828,0.016481698977612636,79.68446058631933,0.06464683343297016,0.399342251064966,4.9223403801259185,Scyliorhinidae,threatened,3,18,0.16666666666666666,66.38058730343248,11.025110691635168,2.1622020983141605,0.05726314152701535,0.03411048775075919,0.0066896170253572616,3.3984709988786785,1.4901955475885564,0.2922513913931975,<0.25
Scymnodalatias albicauda,0.0811285324105828,0.020525260983884124,74.70031766381773,0.06060327142669867,0.32067016230696715,3.952618798576189,Somniosidae,threatened,5,16,0.3125,74.87211166800101,6.994929756266878,1.491324034893274,0.0506986126734484,0.01504169122837029,0.003206899345088448,4.234765737303604,0.9660484328140477,0.20596221791016978,<0.50
Scymnodon ringens,0.0811285324105828,0.017119299532417927,78.89854651162801,0.06400923287816487,0.3844689298549452,4.73901004284398,Somniosidae,threatened,5,16,0.3125,74.87211166800101,6.994929756266878,1.491324034893274,0.0506986126734484,0.01504169122837029,0.003206899345088448,4.234765737303604,0.9660484328140477,0.20596221791016978,<0.50
Somniosus antarcticus,0.0811285324105828,0.015814790465456953,80.50650000000002,0.06531374194512585,0.416182483446189,5.129915099905101,Somniosidae,threatened,5,16,0.3125,74.87211166800101,6.994929756266878,1.491324034893274,0.0506986126734484,0.01504169122837029,0.003206899345088448,4.234765737303604,0.9660484328140477,0.20596221791016978,<0.50
Somniosus longus,0.0811285324105828,0.029218440947671384,63.985000000000014,0.05191009146291141,0.22526317481766714,2.7766208524226026,Somniosidae,threatened,5,16,0.3125,74.87211166800101,6.994929756266878,1.491324034893274,0.0506986126734484,0.01504169122837029,0.003206899345088448,4.234765737303604,0.9660484328140477,0.20596221791016978,<0.50
Somniosus microcephalus,0.0811285324105828,0.01595739443724554,80.33072463768124,0.06517113797333725,0.4124632499985437,5.084071383309531,Somniosidae,threatened,5,16,0.3125,74.87211166800101,6.994929756266878,1.491324034893274,0.0506986126734484,0.01504169122837029,0.003206899345088448,4.234765737303604,0.9660484328140477,0.20596221791016978,<0.50
Somniosus pacificus,0.0811285324105828,0.017119299532417927,78.89854651162801,0.06400923287816487,0.3844689298549452,4.73901004284398,Somniosidae,threatened,5,16,0.3125,74.87211166800101,6.994929756266878,1.491324034893274,0.0506986126734484,0.01504169122837029,0.003206899345088448,4.234765737303604,0.9660484328140477,0.20596221791016978,<0.50
Somniosus rostratus,0.0811285324105828,0.029218440947671384,63.985000000000014,0.05191009146291141,0.22526317481766714,2.7766208524226026,Somniosidae,threatened,5,16,0.3125,74.87211166800101,6.994929756266878,1.491324034893274,0.0506986126734484,0.01504169122837029,0.003206899345088448,4.234765737303604,0.9660484328140477,0.20596221791016978,<0.50
Sphyrna corona,0.0811285324105828,0.0267058462364524,67.08205431191952,0.05442268617413039,0.24645685116358668,3.03785664353319,Sphyrnidae,threatened,8,9,0.8888888888888888,56.030316297247545,5.920177473573734,1.4800443683934335,0.07199399536312569,0.0529353013090922,0.01323382532727305,2.3181722680324452,0.35030008768704807,0.08757502192176202,>0.75
Sphyrna lewini,0.2183229119596849,0.0897015649947923,58.91335261625842,0.12862134696489258,0.5313719319091428,2.4338807463655714,Sphyrnidae,threatened,8,9,0.8888888888888888,56.030316297247545,5.920177473573734,1.4800443683934335,0.07199399536312569,0.0529353013090922,0.01323382532727305,2.3181722680324452,0.35030008768704807,0.08757502192176202,>0.75
Sphyrna media,0.0811285324105828,0.031009049433323953,61.7778745504843,0.050119482977258836,0.21225541870437964,2.616285693794851,Sphyrnidae,threatened,8,9,0.8888888888888888,56.030316297247545,5.920177473573734,1.4800443683934335,0.07199399536312569,0.0529353013090922,0.01323382532727305,2.3181722680324452,0.35030008768704807,0.08757502192176202,>0.75
Sphyrna mokarran,0.07575000000000001,0.037902600035155984,49.96356431002511,0.03784739996484403,0.15138968025089963,1.9985436336752425,Sphyrnidae,threatened,8,9,0.8888888888888888,56.030316297247545,5.920177473573734,1.4800443683934335,0.07199399536312569,0.0529353013090922,0.01323382532727305,2.3181722680324452,0.35030008768704807,0.08757502192176202,>0.75
Sphyrna tiburo,0.34517967778208647,0.16029210091364804,53.562706256756755,0.18488757686843843,0.7433242765838632,2.1534415970256724,Sphyrnidae,threatened,8,9,0.8888888888888888,56.030316297247545,5.920177473573734,1.4800443683934335,0.07199399536312569,0.0529353013090922,0.01323382532727305,2.3181722680324452,0.35030008768704807,0.08757502192176202,>0.75
Sphyrna tudes,0.0811285324105828,0.04064324797991759,49.902646119337554,0.0404852844306652,0.16194175166185446,1.9961134122614794,Sphyrnidae,threatened,8,9,0.8888888888888888,56.030316297247545,5.920177473573734,1.4800443683934335,0.07199399536312569,0.0529353013090922,0.01323382532727305,2.3181722680324452,0.35030008768704807,0.08757502192176202,>0.75
Sphyrna zygaena,0.085903428,0.04145625959733024,51.740855327298185,0.04444716840266976,0.17800445611418386,2.072146132680338,Sphyrnidae,threatened,8,9,0.8888888888888888,56.030316297247545,5.920177473573734,1.4800443683934335,0.07199399536312569,0.0529353013090922,0.01323382532727305,2.3181722680324452,0.35030008768704807,0.08757502192176202,>0.75
Squaliolus laticaudus,0.0811285324105828,0.029218440947671384,63.985000000000014,0.05191009146291141,0.22526317481766714,2.7766208524226026,Dalatiidae,threatened,1,4,0.25,63.83526152313949,0.5113195997329233,0.18077877816237062,0.05292835803967216,0.022464833183126313,0.007942517941006593,2.765602796190287,0.038673145291778774,0.013673021642814686,<0.50
Squalus acanthias,0.02762921109360464,0.009821079375332714,64.45399999999997,0.017808131718271926,0.07772804561302148,2.813256062566812,Squalidae,threatened,9,32,0.28125,62.5696275447229,13.365759894954637,2.014964118615661,0.029466095766209368,0.015338927975631205,0.0023124303991570194,3.1875621795976272,1.6029138869458914,0.24164836064771256,<0.50
Squalus altipinnis,0.04199797275235645,0.019250101649388965,54.164212251628584,0.022747871102967485,0.09162703384289206,2.181701349805057,Squalidae,threatened,9,32,0.28125,62.5696275447229,13.365759894954637,2.014964118615661,0.029466095766209368,0.015338927975631205,0.0023124303991570194,3.1875621795976272,1.6029138869458914,0.24164836064771256,<0.50
Squalus blainville,0.05289364285130611,0.006421288242148648,87.85999999999984,0.04647235460915746,0.43569722282788637,8.237232289950468,Squalidae,threatened,9,32,0.28125,62.5696275447229,13.365759894954637,2.014964118615661,0.029466095766209368,0.015338927975631205,0.0023124303991570194,3.1875621795976272,1.6029138869458914,0.24164836064771256,<0.50
Squalus brevirostris,0.035839053295044,0.01890064505222128,47.26243213897909,0.01693840824282272,0.06795734947332138,1.8961814898921692,Squalidae,threatened,9,32,0.28125,62.5696275447229,13.365759894954637,2.014964118615661,0.029466095766209368,0.015338927975631205,0.0023124303991570194,3.1875621795976272,1.6029138869458914,0.24164836064771256,<0.50
Squalus bucephalus,0.0866463001770226,0.03120566500875455,63.98500000000017,0.055440635168268054,0.24058392385679025,2.776620852422615,Squalidae,threatened,9,32,0.28125,62.5696275447229,13.365759894954637,2.014964118615661,0.029466095766209368,0.015338927975631205,0.0023124303991570194,3.1875621795976272,1.6029138869458914,0.24164836064771256,<0.50
Squalus chloroculus,0.05284252581573869,0.011150541007089032,78.89854651162807,0.04169198480864966,0.2504212605300286,4.739010042843993,Squalidae,threatened,9,32,0.28125,62.5696275447229,13.365759894954637,2.014964118615661,0.029466095766209368,0.015338927975631205,0.0023124303991570194,3.1875621795976272,1.6029138869458914,0.24164836064771256,<0.50
Squalus cubensis,0.03099888968323243,0.01627249017117322,47.5062160694899,0.014726399512059212,0.05905249605223345,1.9049874577983823,Squalidae,threatened,9,32,0.28125,62.5696275447229,13.365759894954637,2.014964118615661,0.029466095766209368,0.015338927975631205,0.0023124303991570194,3.1875621795976272,1.6029138869458914,0.24164836064771256,<0.50
Squalus edmundsi,0.02398234993435664,0.005060624416816921,78.89854651162783,0.01892172551753972,0.11365259718991383,4.73901004284394,Squalidae,threatened,9,32,0.28125,62.5696275447229,13.365759894954637,2.014964118615661,0.029466095766209368,0.015338927975631205,0.0023124303991570194,3.1875621795976272,1.6029138869458914,0.24164836064771256,<0.50
Squalus formosus,0.02871228257079228,0.01034072856787077,63.985000000000234,0.01837155400292151,0.07972312250671239,2.77662085242262,Squalidae,threatened,9,32,0.28125,62.5696275447229,13.365759894954637,2.014964118615661,0.029466095766209368,0.015338927975631205,0.0023124303991570194,3.1875621795976272,1.6029138869458914,0.24164836064771256,<0.50
Squalus grahami,0.03174472782841144,0.014638680618572692,53.88626200325738,0.017106047209838743,0.06884006633913264,2.1685511594628,Squalidae,threatened,9,32,0.28125,62.5696275447229,13.365759894954637,2.014964118615661,0.029466095766209368,0.015338927975631205,0.0023124303991570194,3.1875621795976272,1.6029138869458914,0.24164836064771256,<0.50
Squalus griffini,0.0286143754891265,0.005577943285972822,80.50650000000019,0.023036432203153677,0.14678931689602576,5.129915099905147,Squalidae,threatened,9,32,0.28125,62.5696275447229,13.365759894954637,2.014964118615661,0.029466095766209368,0.015338927975631205,0.0023124303991570194,3.1875621795976272,1.6029138869458914,0.24164836064771256,<0.50
Squalus hemipinnis,0.09208898138893253,0.04195374849657511,54.442162500000016,0.05013523289235741,0.20213641920324368,2.195011999856227,Squalidae,threatened,9,32,0.28125,62.5696275447229,13.365759894954637,2.014964118615661,0.029466095766209368,0.015338927975631205,0.0023124303991570194,3.1875621795976272,1.6029138869458914,0.24164836064771256,<0.50
Squalus japonicus,0.03241157406962108,0.017093075869791363,47.26243213897943,0.015318498199829715,0.06145822680908488,1.8961814898921812,Squalidae,threatened,9,32,0.28125,62.5696275447229,13.365759894954637,2.014964118615661,0.029466095766209368,0.015338927975631205,0.0023124303991570194,3.1875621795976272,1.6029138869458914,0.24164836064771256,<0.50
Squalus megalops,0.030561675375,0.01596847538343752,47.74999999999993,0.014593199991562479,0.05849124473684204,1.9138755980861222,Squalidae,threatened,9,32,0.28125,62.5696275447229,13.365759894954637,2.014964118615661,0.029466095766209368,0.015338927975631205,0.0023124303991570194,3.1875621795976272,1.6029138869458914,0.24164836064771256,<0.50
Squalus melanurus,0.04815753880618548,0.023121072298301754,51.98867535287741,0.025036466507883725,0.1003045409809822,2.082841928128163,Squalidae,threatened,9,32,0.28125,62.5696275447229,13.365759894954637,2.014964118615661,0.029466095766209368,0.015338927975631205,0.0023124303991570194,3.1875621795976272,1.6029138869458914,0.24164836064771256,<0.50
Squalus mitsukurii,0.06673576301903358,0.02403488505130497,63.98499999999997,0.04270087796772862,0.1852999112009816,2.776620852422599,Squalidae,threatened,9,32,0.28125,62.5696275447229,13.365759894954637,2.014964118615661,0.029466095766209368,0.015338927975631205,0.0023124303991570194,3.1875621795976272,1.6029138869458914,0.24164836064771256,<0.50
Squalus montalbani,0.07055842306915049,0.014888852826065602,78.8985465116279,0.05566957024308489,0.33437707553193674,4.7390100428439546,Squalidae,threatened,9,32,0.28125,62.5696275447229,13.365759894954637,2.014964118615661,0.029466095766209368,0.015338927975631205,0.0023124303991570194,3.1875621795976272,1.6029138869458914,0.24164836064771256,<0.50
Squalus nasutus,0.08932555610285264,0.0321705990304423,63.98500000000008,0.05715495707241034,0.24802320172942618,2.776620852422608,Squalidae,threatened,9,32,0.28125,62.5696275447229,13.365759894954637,2.014964118615661,0.029466095766209368,0.015338927975631205,0.0023124303991570194,3.1875621795976272,1.6029138869458914,0.24164836064771256,<0.50
Squalus suckleyi,0.0178694295,0.0034833772395825237,80.50649999999987,0.014386052260417476,0.09166865621873896,5.1299150999050624,Squalidae,threatened,9,32,0.28125,62.5696275447229,13.365759894954637,2.014964118615661,0.029466095766209368,0.015338927975631205,0.0023124303991570194,3.1875621795976272,1.6029138869458914,0.24164836064771256,<0.50
Squatina aculeata,0.02283236840722865,0.0021189276829535687,90.71963256215363,0.02071344072427508,0.24602871125679476,10.775435419958576,Squatinidae,threatened,13,23,0.5652173913043478,69.49321290085135,11.257322276066855,1.8762203793444758,0.034404483054257654,0.017404630248988324,0.0029007717081647208,4.058225320112225,2.3346334989378636,0.3891055831563106,<0.75
Squatina africana,0.05915434989261398,0.021497678904801205,63.658329533116195,0.03765667098781277,0.1627727870861581,2.7516621749989336,Squatinidae,threatened,13,23,0.5652173913043478,69.49321290085135,11.257322276066855,1.8762203793444758,0.034404483054257654,0.017404630248988324,0.0029007717081647208,4.058225320112225,2.3346334989378636,0.3891055831563106,<0.75
Squatina albipunctata,0.03366902644457015,0.012345873405775335,63.33165906623245,0.021323153038794812,0.09182042488746645,2.727148200695136,Squatinidae,threatened,13,23,0.5652173913043478,69.49321290085135,11.257322276066855,1.8762203793444758,0.034404483054257654,0.017404630248988324,0.0029007717081647208,4.058225320112225,2.3346334989378636,0.3891055831563106,<0.75
Squatina argentina,0.07543994925,0.01195507105659928,84.15286439684438,0.06348487819340072,0.4760478558344494,6.310288654315994,Squatinidae,threatened,13,23,0.5652173913043478,69.49321290085135,11.257322276066855,1.8762203793444758,0.034404483054257654,0.017404630248988324,0.0029007717081647208,4.058225320112225,2.3346334989378636,0.3891055831563106,<0.75
Squatina armata,0.00874105503070647,0.0011164222752992714,87.22783152173977,0.007624632755407198,0.06843830039969173,7.829524028767087,Squatinidae,threatened,13,23,0.5652173913043478,69.49321290085135,11.257322276066855,1.8762203793444758,0.034404483054257654,0.017404630248988324,0.0029007717081647208,4.058225320112225,2.3346334989378636,0.3891055831563106,<0.75
Squatina australis,0.06673576301903358,0.030403370470596512,54.44216249999986,0.03633239254843707,0.14648580064633968,2.19501199985622,Squatinidae,threatened,13,23,0.5652173913043478,69.49321290085135,11.257322276066855,1.8762203793444758,0.034404483054257654,0.017404630248988324,0.0029007717081647208,4.058225320112225,2.3346334989378636,0.3891055831563106,<0.75
Squatina californica,0.07697587888264691,0.035282500462093365,54.164212251628754,0.04169337842055355,0.16793837886070195,2.181701349805065,Squatinidae,threatened,13,23,0.5652173913043478,69.49321290085135,11.257322276066855,1.8762203793444758,0.034404483054257654,0.017404630248988324,0.0029007717081647208,4.058225320112225,2.3346334989378636,0.3891055831563106,<0.75
Squatina dumeril,0.05447083000691234,0.01961766942698958,63.984999999999815,0.03485316057992276,0.1512448424459588,2.7766208524225875,Squatinidae,threatened,13,23,0.5652173913043478,69.49321290085135,11.257322276066855,1.8762203793444758,0.034404483054257654,0.017404630248988324,0.0029007717081647208,4.058225320112225,2.3346334989378636,0.3891055831563106,<0.75
Squatina formosa,0.03803603823147934,0.013822931672742272,63.6583295331159,0.024213106558737065,0.10466232768837416,2.751662174998911,Squatinidae,threatened,13,23,0.5652173913043478,69.49321290085135,11.257322276066855,1.8762203793444758,0.034404483054257654,0.017404630248988324,0.0029007717081647208,4.058225320112225,2.3346334989378636,0.3891055831563106,<0.75
Squatina guggenheim,0.069106914375,0.025340358971832018,63.33165906623216,0.04376655540316798,0.1884647971933726,2.727148200695115,Squatinidae,threatened,13,23,0.5652173913043478,69.49321290085135,11.257322276066855,1.8762203793444758,0.034404483054257654,0.017404630248988324,0.0029007717081647208,4.058225320112225,2.3346334989378636,0.3891055831563106,<0.75
Squatina japonica,0.02417077023656538,0.004811075725032196,80.09548029315991,0.019359694511533184,0.12143357685872323,5.023984576007401,Squatinidae,threatened,13,23,0.5652173913043478,69.49321290085135,11.257322276066855,1.8762203793444758,0.034404483054257654,0.017404630248988324,0.0029007717081647208,4.058225320112225,2.3346334989378636,0.3891055831563106,<0.75
Squatina nebulosa,0.09208898138893253,0.014530210649015772,84.22155351284833,0.07755877073991675,0.5836378217837875,6.337759555823804,Squatinidae,threatened,13,23,0.5652173913043478,69.49321290085135,11.257322276066855,1.8762203793444758,0.034404483054257654,0.017404630248988324,0.0029007717081647208,4.058225320112225,2.3346334989378636,0.3891055831563106,<0.75
Squatina occulta,0.03637448025,0.013219093746496782,63.65832953311605,0.02315538650350322,0.10009028143917037,2.751662174998923,Squatinidae,threatened,13,23,0.5652173913043478,69.49321290085135,11.257322276066855,1.8762203793444758,0.034404483054257654,0.017404630248988324,0.0029007717081647208,4.058225320112225,2.3346334989378636,0.3891055831563106,<0.75
Squatina oculata,0.04458962394981777,0.016058953065526963,63.98499999999979,0.028530670884290805,0.12380847966074555,2.7766208524225857,Squatinidae,threatened,13,23,0.5652173913043478,69.49321290085135,11.257322276066855,1.8762203793444758,0.034404483054257654,0.017404630248988324,0.0029007717081647208,4.058225320112225,2.3346334989378636,0.3891055831563106,<0.75
Squatina pseudocellata,0.09208898138893253,0.03346667415267575,63.658329533116266,0.058622307236256777,0.25339776682210685,2.7516621749989385,Squatinidae,threatened,13,23,0.5652173913043478,69.49321290085135,11.257322276066855,1.8762203793444758,0.034404483054257654,0.017404630248988324,0.0029007717081647208,4.058225320112225,2.3346334989378636,0.3891055831563106,<0.75
Squatina squatina,0.02989607417201231,0.006099555408290342,79.59747031267223,0.023796518763721967,0.14653121269849725,4.901352995560695,Squatinidae,threatened,13,23,0.5652173913043478,69.49321290085135,11.257322276066855,1.8762203793444758,0.034404483054257654,0.017404630248988324,0.0029007717081647208,4.058225320112225,2.3346334989378636,0.3891055831563106,<0.75
Squatina tergocellata,0.03366902644457015,0.012345873405775335,63.33165906623245,0.021323153038794812,0.09182042488746645,2.727148200695136,Squatinidae,threatened,13,23,0.5652173913043478,69.49321290085135,11.257322276066855,1.8762203793444758,0.034404483054257654,0.017404630248988324,0.0029007717081647208,4.058225320112225,2.3346334989378636,0.3891055831563106,<0.75
Squatina tergocellatoides,0.05540959737211086,0.020136773283999643,63.65832953311619,0.03527282408811122,0.15246849322075773,2.7516621749989327,Squatinidae,threatened,13,23,0.5652173913043478,69.49321290085135,11.257322276066855,1.8762203793444758,0.034404483054257654,0.017404630248988324,0.0029007717081647208,4.058225320112225,2.3346334989378636,0.3891055831563106,<0.75
Triaenodon obesus,0.12570862273466588,0.04527396047788997,63.98499999999995,0.0804346622567759,0.3490451832143987,2.7766208524225977,Carcharhinidae,threatened,35,52,0.6730769230769231,50.28540740384367,9.030627512776958,0.9216845609767802,0.04905486250062575,0.03512308490387169,0.0035847348419556836,2.0936687831768683,0.486680994542112,0.04967167100576747,<0.75
Triakis acutipinna,0.03325648333908225,0.010369584191937804,68.81936046511656,0.022886899147144448,0.10665747667515434,3.2071183109674415,Triakidae,threatened,20,41,0.4878048780487805,56.39463461301237,9.24754972297642,1.0339074902942311,0.05189325128320132,0.039763366485900814,0.0044456795238355575,2.4250324210885648,0.6533140711665354,0.07304273368927541,<0.50
Triakis megalopterus,0.04246471619207794,0.008830112396363745,79.20600162162145,0.0336346037957142,0.20421621382943103,4.809079917212041,Triakidae,threatened,20,41,0.4878048780487805,56.39463461301237,9.24754972297642,1.0339074902942311,0.05189325128320132,0.039763366485900814,0.0044456795238355575,2.4250324210885648,0.6533140711665354,0.07304273368927541,<0.50
Triakis scyllium,0.08714993087782785,0.038510682955603386,55.81099999999996,0.04863924792222447,0.19722087143367753,2.2630066306094254,Triakidae,threatened,20,41,0.4878048780487805,56.39463461301237,9.24754972297642,1.0339074902942311,0.05189325128320132,0.039763366485900814,0.0044456795238355575,2.4250324210885648,0.6533140711665354,0.07304273368927541,<0.50
Triakis semifasciata,0.1173835376543044,0.034954587226236525,70.2218999999999,0.08242895042806787,0.39419418181248644,3.3581726167888375,Triakidae,threatened,20,41,0.4878048780487805,56.39463461301237,9.24754972297642,1.0339074902942311,0.05189325128320132,0.039763366485900814,0.0044456795238355575,2.4250324210885648,0.6533140711665354,0.07304273368927541,<0.50
Zameus squamulosus,0.02365921581889635,0.004992438421737973,78.89854651162797,0.018666777397158378,0.11212126137156272,4.73901004284397,Somniosidae,threatened,5,16,0.3125,74.87211166800101,6.994929756266878,1.491324034893274,0.0506986126734484,0.01504169122837029,0.003206899345088448,4.234765737303604,0.9660484328140477,0.20596221791016978,<0.50
