prm_05,prm_25,prm_50,prm_75,prm_95,avm_05,avm_25,avm_50,avm_75,avm_95,prm_pred,avm_pred,scientific_name,gear_class,habitat_associated,ventilation_method,max_size_cm,measure,median_depth,reproductive_mode,family,avm_mort,common_name,prm_mort,mean_r,mid_avm,mid_prm,r_value
0.071,0.11501923076923076,0.1896099290780142,0.419,0.7139999999999999,0.06042702702702703,0.06042702702702703,0.21276793248945147,0.2469407582938388,0.8,0.30820769958021144,0.24675602414539577,Negaprion brevirostris,longline,pelagic,ram,368,total_length,60,placental viviparity,Carcharhinidae,0.06042702702702703,NA,NA,0.10491119163981756,0.06042702702702703,0.30820769958021144,0.10491119163981756
0.08406332453825857,0.10474561403508773,0.1081578947368421,0.1843210935712651,0.7139999999999999,0.10774247491638796,0.25,0.32238594304941115,0.7120940620782726,0.8869921248142658,0.18272212115625625,0.4261591743429427,Carcharhinus galapagensis,longline,pelagic,ram,300,total_length,143,placental viviparity,Carcharhinidae,0.25,Galapagos shark,NA,0.15585450717058125,0.25,0.18272212115625625,0.15585450717058125
0.1081578947368421,0.11501923076923076,0.17903225806451611,0.1896099290780142,0.28864406779661017,0.4361662005005152,0.658528672427337,0.658528672427337,0.7120940620782726,0.7421679389312977,0.18099739434995277,0.6404526398559497,Carcharhinus obscurus,longline,reef-associated,ram,420,total_length,250,placental viviparity,Carcharhinidae,0.658528672427337,Dusky shark,0.17903225806451611,0.07086217,0.658528672427337,0.17903225806451611,0.07086217
0.17383720930232557,0.17903225806451611,0.1896099290780142,0.1896099290780142,0.28864406779661017,0.1723956715838509,0.3395547445255474,0.3560123654682849,0.3560123654682849,0.7421679389312977,0.18740042967972223,0.3549861801093813,Isurus paucus,longline,pelagic,ram,427,total_length,876,oophagy,Lamnidae,0.3395547445255474,Longfin mako,NA,NA,0.3395547445255474,0.18740042967972223,0.25442902178650967
0.04025641025641025,0.08406332453825857,0.419,0.75,1,0.15603282611647334,0.5383662286832541,0.5383662286832541,0.7918921568627451,0.851,0.5608885594379374,0.57373891306128455,Carcharhinus acronotus,longline,coastal,ram,164,total_length,51.5,placental viviparity,Carcharhinidae,0.5383662286832541,NA,1,0.19932762354784428,0.5383662286832541,1,0.19932762354784428
0.04025641025641025,0.08406332453825857,0.08406332453825857,0.08406332453825857,0.875,0.1317177805280528,0.32238594304941115,0.32238594304941115,0.32238594304941115,0.32238594304941115,0.2150636236783631,0.3157638788347251,Carcharhinus plumbeus,longline,benthopelagic,ram,243,total_length,140,placental viviparity,Carcharhinidae,0.32238594304941115,Sandbar shark,0.08406332453825857,0.10570114759383756,0.32238594304941115,0.08406332453825857,0.10570114759383756
0.071,0.1081578947368421,0.1081578947368421,0.419,0.7139999999999999,0.06042702702702703,0.21276793248945147,0.2469407582938388,0.7918921568627451,0.8092402763847096,0.3195687012159705,0.40518052480457073,Ginglymostoma cirratum,longline,reef-associated,ram,308,total_length,65,yolk-sac viviparity,Ginglymostomatidae,0.21276793248945147,NA,NA,NA,0.21276793248945147,0.3195687012159705,0.25442902178650967
0.019,0.04025641025641025,0.08406332453825857,0.5,0.75,0.1222,0.32238594304941115,0.658528672427337,0.7160805604203153,0.8955601783060921,0.2463050015608247,0.5501098463797863,Carcharhinus signatus,longline,coastal-pelagic,ram,280,total_length,300,placental viviparity,Carcharhinidae,0.7160805604203153,Night shark,NA,0.14714076333333334,0.7160805604203153,0.2463050015608247,0.14714076333333334
0.11501923076923076,0.224,0.28864406779661017,0.28864406779661017,0.28864406779661017,0.30172536012130396,0.5204372864812103,0.5204372864812103,0.5204372864812103,0.658528672427337,0.23644367171047545,0.49740187405258207,Alopias superciliosus,longline,pelagic,ram,484,total_length,361.5,oophagy,Alopiidae,0.5204372864812103,Bigeye thresher,0.224,0.060599847,0.5204372864812103,0.224,0.060599847
0.10133333333333332,0.10133333333333332,0.1081578947368421,0.1896099290780142,0.3043049645390071,0.0659154329946783,0.32435639810426536,0.32435639810426536,0.3560123654682849,0.7421679389312977,0.14487388841604454,0.3438602133044096,Carcharhinus longimanus,longline,pelagic,ram,350,total_length,541,placental viviparity,Carcharhinidae,0.32435639810426536,Oceanic whitetip shark,0.10133333333333332,0.17834739802902122,0.32435639810426536,0.10133333333333332,0.17834739802902122
0.13758527131782944,0.17903225806451611,0.1896099290780142,0.1896099290780142,0.1896099290780142,0.06042702702702703,0.1723956715838509,0.1723956715838509,0.32435639810426536,0.7421679389312977,0.1846118719174712,0.2741044219665983,Prionace glauca,longline,pelagic,ram,383.5,total_length,500,placental viviparity,Carcharhinidae,0.1723956715838509,Blue shark,0.1896099290780142,0.4971600974516233,0.1723956715838509,0.1896099290780142,0.4971600974516233
0.019,0.019,0.04025641025641025,0.08406332453825857,0.607,0.0659154329946783,0.0659154329946783,0.0659154329946783,0.32435639810426536,0.8,0.0998609534668019,0.1955684106476974,Galeocerdo cuvier,longline,coastal-pelagic,ram,740,total_length,556,placental viviparity,Carcharhinidae,0.0659154329946783,Tiger shark,0.019,0.2540313811217538,0.0659154329946783,0.019,0.2540313811217538
0.10133333333333332,0.1081578947368421,0.1081578947368421,0.11501923076923076,0.419,0.1723956715838509,0.4361662005005152,0.4361662005005152,0.4409583333333333,0.658528672427337,0.14849611198077317,0.4448443568977858,Carcharhinus falciformis,longline,reef-associated,ram,350,total_length,250,placental viviparity,Carcharhinidae,0.4361662005005152,Silky shark,0.1081578947368421,0.10239578504263852,0.4361662005005152,0.1081578947368421,0.10239578504263852
0.05562820512820513,0.071,0.419,0.7139999999999999,0.875,0.2469407582938388,0.7160805604203153,0.7918921568627451,0.8092402763847096,0.8955601783060921,0.4369747126580419,0.7281495294640579,Carcharhinus brevipinna,longline,coastal,ram,304,total_length,100,placental viviparity,Carcharhinidae,0.7918921568627451,Spinner shark,0.7139999999999999,0.15886659931184757,0.7918921568627451,0.7139999999999999,0.15886659931184757
0.019,0.04025641025641025,0.08406332453825857,0.5,0.75,0.008,0.1222,0.24257575757575756,0.39638068181818176,0.7160805604203153,0.25667728006552654,0.28004991766803145,Hexanchus nakamurai,longline,demersal,ram,177.8,total_length,351,yolk-sac viviparity,Hexanchidae,0.1222,NA,NA,NA,0.1222,0.25667728006552654,0.25442902178650967
0.019,0.08406332453825857,0.5,0.732,1,0.008,0.07,0.1222,0.39638068181818176,0.7421679389312977,0.4479530834604375,0.2194027714975974,Mustelus canis,longline,demersal,ram,155,total_length,404,yolk-sac viviparity,Triakidae,0.008,NA,NA,0.451684893,0.008,0.4479530834604375,0.451684893
0.019,0.04025641025641025,0.08406332453825857,0.607,0.7139999999999999,0.0659154329946783,0.24257575757575756,0.28531428571428574,0.6,0.7421679389312977,0.2973916849501714,0.35119865328777106,Carcharhinus albimarginatus,longline,coastal,ram,300,total_length,400,placental viviparity,Carcharhinidae,0.24257575757575756,NA,NA,NA,0.24257575757575756,0.2973916849501714,0.25442902178650967
0.17383720930232557,0.17903225806451611,0.1896099290780142,0.1896099290780142,0.28864406779661017,0.1723956715838509,0.32435639810426536,0.7421679389312977,0.7421679389312977,0.7421679389312977,0.18740042967972223,0.6031957543468057,Sphyrna lewini,longline,pelagic,ram,430,total_length,521.5,placental viviparity,Sphyrnidae,0.7421679389312977,Scalloped hammerhead,NA,0.33727741075149587,0.7421679389312977,0.18740042967972223,0.33727741075149587
0.019,0.04025641025641025,0.08406332453825857,0.33,0.75,0.088,0.1222,0.28531428571428574,0.32238594304941115,0.32238594304941115,0.26785266718942347,0.2321546199762601,Hexanchus nakamurai,longline,bathydemersal,ram,177.8,total_length,351,yolk-sac viviparity,Hexanchidae,0.1222,NA,NA,NA,0.1222,0.26785266718942347,0.25442902178650967
0.019,0.20703166226912928,0.5,0.5,1,0.008,0.1222,0.39638068181818176,0.39638068181818176,0.8,0.4659794722625899,0.3304656761425265,Squalus cubensis,longline,demersal,stationary,110,total_length,370.5,yolk-sac viviparity,Squalidae,0.39638068181818176,NA,0.5,NA,0.39638068181818176,0.5,0.25442902178650967
0.019,0.019,0.04025641025641025,0.08406332453825857,0.607,0.0659154329946783,0.07,0.658528672427337,0.7421679389312977,0.8,0.10400018736932984,0.49500753395745456,Sphyrna lewini,longline,coastal-pelagic,ram,430,total_length,521.5,placental viviparity,Sphyrnidae,0.7421679389312977,NA,NA,0.33727741075149587,0.7421679389312977,0.10400018736932984,0.33727741075149587
0.019,0.019,0.071,0.08406332453825857,0.607,0.2469407582938388,0.658528672427337,0.658528672427337,0.7421679389312977,0.8955601783060921,0.09733154816205124,0.666905841071571,Carcharhinus obscurus,longline,coastal-pelagic,ram,420,total_length,250,placental viviparity,Carcharhinidae,0.658528672427337,NA,NA,0.07086217,0.658528672427337,0.09733154816205124,0.07086217
0.019,0.019,0.071,0.08406332453825857,0.7139999999999999,0.2469407582938388,0.638,0.8955601783060921,0.8955601783060921,0.8955601783060921,0.107916277474772,0.7399717729254909,Sphyrna mokarran,longline,coastal-pelagic,ram,610,total_length,150,placental viviparity,Sphyrnidae,0.8955601783060921,Great hammerhead,NA,0.202,0.8955601783060921,0.107916277474772,0.202
0.019,0.08406332453825857,0.5,0.732,1,0.008,0.07,0.1222,0.39638068181818176,0.7421679389312977,0.4479530834604375,0.2194027714975974,Mustelus canis insularis,longline,demersal,ram,155,total_length,404,yolk-sac viviparity,Triakidae,0.07,NA,0.75,NA,0.07,0.75,0.25442902178650967
0.019,0.04025641025641025,0.08406332453825857,0.08406332453825857,1,0.1222,0.2881578947368421,0.32238594304941115,0.32238594304941115,0.32238594304941115,0.23479386320500403,0.29871483178045166,Mustelus antarcticus,longline,benthocoastal,ram,185.2,total_length,178,placental viviparity,Triakidae,0.2881578947368421,NA,NA,0.28440785214142994,0.2881578947368421,0.23479386320500403,0.28440785214142994
0.019,0.08406332453825857,0.33,0.5,1,0.088,0.1222,0.28531428571428574,0.28531428571428574,0.39638068181818176,0.4390254449023249,0.2281939397725878,Heptranchias perlo,longline,bathydemersal,ram,140,total_length,500,yolk-sac viviparity,Hexanchidae,0.28531428571428574,Sharpnose sevengill shark,NA,NA,0.28531428571428574,0.4390254449023249,0.25442902178650967
0.071,0.1081578947368421,0.1081578947368421,0.419,0.7139999999999999,0.1222,0.4409583333333333,0.8092402763847096,0.8092402763847096,0.8092402763847096,0.32375459865186795,0.6706220830756687,Carcharhinus limbatus,longline,reef-associated,ram,286,total_length,70,placental viviparity,Carcharhinidae,0.8092402763847096,Blacktip shark,0.419,0.1085843441320796,0.8092402763847096,0.419,0.1085843441320796
0.071,0.1081578947368421,0.1081578947368421,0.419,0.7139999999999999,0.06042702702702703,0.25,0.4361662005005152,0.4409583333333333,0.8092402763847096,0.31337112801996814,0.4613504746123274,Carcharhinus brachyurus,longline,reef-associated,ram,322,total_length,73,placental viviparity,Carcharhinidae,0.4409583333333333,Copper shark,NA,0.096398505,0.4409583333333333,0.31337112801996814,0.096398505
0.071,0.1081578947368421,0.1081578947368421,0.419,0.7139999999999999,0.06042702702702703,0.21276793248945147,0.2469407582938388,0.7918921568627451,0.8092402763847096,0.3195687012159705,0.40518052480457073,Ginglymostoma cirratum,longline,reef-associated,stationary,308,total_length,65,yolk-sac viviparity,Ginglymostomatidae,0.21276793248945147,NA,NA,NA,0.21276793248945147,0.3195687012159705,0.25442902178650967
0.11501923076923076,0.224,0.28864406779661017,0.28864406779661017,0.28864406779661017,0.1723956715838509,0.30172536012130396,0.30172536012130396,0.5204372864812103,0.7421679389312977,0.24249421982991648,0.4140031022197996,Isurus oxyrinchus,longline,pelagic,ram,445,total_length,375,oophagy,Lamnidae,0.30172536012130396,Shortfin mako,0.28864406779661017,0.12156506895997954,0.30172536012130396,0.28864406779661017,0.12156506895997954
0.04025641025641025,0.071,0.08406332453825857,0.5664999999999999,0.7139999999999999,0.2469407582938388,0.32238594304941115,0.5,0.7160805604203153,0.867,0.27171387531610935,0.5523894043242245,Carcharhinus amblyrhynchos,longline,coastal,ram,265,total_length,137.5,placental viviparity,Carcharhinidae,0.5,NA,NA,0.074666477,0.5,0.27171387531610935,0.074666477
0.019,0.04025641025641025,0.08406332453825857,0.607,0.7139999999999999,0.0659154329946783,0.1723956715838509,0.28531428571428574,0.6,0.7918921568627451,0.2973916849501714,0.37775428926401405,Carcharhinus altimus,longline,coastal,ram,300,total_length,405,placental viviparity,Carcharhinidae,0.6,NA,NA,NA,0.6,0.2973916849501714,0.25442902178650967
0.019,0.08406332453825857,0.33,0.5,1,0.0659154329946783,0.088,0.28531428571428574,0.28531428571428574,0.39638068181818176,0.4383188669264092,0.20573004348851304,Deania calcea,longline,bathydemersal,stationary,162,total_length,782,yolk-sac viviparity,Centrophoridae,0.088,Birdbeak dogfish,NA,0.076585841,0.088,0.4383188669264092,0.076585841
0.071,0.11501923076923076,0.17903225806451611,0.2068049645390071,0.7139999999999999,0.458670833333334,0.658528672427337,0.7120940620782726,0.7120940620782726,0.8955601783060921,0.22991815721642692,0.6936120489199356,Sphyrna zygaena,longline,pelagic,ram,400,total_length,100,placental viviparity,Sphyrnidae,0.7120940620782726,Smooth hammerhead,NA,NA,0.7120940620782726,0.22991815721642692,0.25442902178650967
0.10133333333333332,0.17383720930232557,0.1896099290780142,0.1896099290780142,0.1896099290780142,0.32435639810426536,0.3395547445255474,0.3560123654682849,0.3560123654682849,0.3560123654682849,0.1751155107642157,0.3425230885207727,Lamna nasus,longline,pelagic,ram,365,total_length,904.5,oophagy,Lamnidae,0.3560123654682849,Porbeagle,0.17383720930232557,0.098885038,0.3560123654682849,0.17383720930232557,0.098885038
0.019,0.04025641025641025,0.08406332453825857,0.5,0.7139999999999999,0.21276793248945147,0.32238594304941115,0.7160805604203153,0.8955601783060921,0.8955601783060921,0.22669035805810137,0.6238595662622803,Sphyrna mokarran,longline,coastal-pelagic,ram,310,total_length,150,placental viviparity,Sphyrnidae,0.8955601783060921,NA,NA,0.202,0.8955601783060921,0.22669035805810137,0.202
0.019,0.18172356919016988,0.5,0.5,1,0.0659154329946783,0.0659154329946783,0.32435639810426536,0.5383662286832541,0.8,0.45566601811974966,0.34819101344149805,Centroscymnus owstoni,longline,demersal,stationary,120,total_length,804.5,yolk-sac viviparity,Somniosidae,0.8,NA,NA,NA,0.8,0.45566601811974966,0.25442902178650967
0.019,0.071,0.071,0.419,1,0.06042702702702703,0.2469407582938388,0.32238594304941115,0.7918921568627451,0.8955601783060921,0.2649343568139543,0.44065889783211504,Carcharhinus leucas,longline,coastal,ram,366,total_length,82.5,placental viviparity,Carcharhinidae,0.2469407582938388,Bull shark,0.071,0.13545351158233174,0.2469407582938388,0.071,0.13545351158233174
0.04025641025641025,0.071,0.419,0.7139999999999999,1,0.2881578947368421,0.5383662286832541,0.7918921568627451,0.851,0.867,0.5130629214533822,0.6906623026713019,Carcharhinus sorrah,longline,coastal,ram,166,total_length,70,placental viviparity,Carcharhinidae,0.851,NA,NA,0.2428714820648005,0.851,0.5130629214533822,0.2428714820648005
0.071,0.08406332453825857,0.419,0.7139999999999999,1,0.2469407582938388,0.5694916740674956,0.7918921568627451,0.8092402763847096,0.867,0.4935231000347252,0.7284927924601466,Carcharhinus limbatus,longline,coastal,ram,286,total_length,70,placental viviparity,Carcharhinidae,0.8092402763847096,NA,0.419,0.1085843441320796,0.8092402763847096,0.419,0.1085843441320796
0.10133333333333332,0.1081578947368421,0.1081578947368421,0.4595,1,0.07,0.10774247491638796,0.1317177805280528,0.39638068181818176,0.8,0.3031158400547628,0.25130853444355084,Pseudocarcharias kamoharai,longline,pelagic,ram,122,total_length,295,oophagy,Pseudocarchariidae,0.1317177805280528,NA,NA,NA,0.1317177805280528,0.3031158400547628,0.25442902178650967
0.1081578947368421,0.11501923076923076,0.17903225806451611,0.1896099290780142,0.28864406779661017,0.32238594304941115,0.658528672427337,0.7120940620782726,0.7421679389312977,0.8955601783060921,0.17910056634738453,0.7075778285547908,Alopias pelagicus,longline,pelagic,ram,428,total_length,150,oophagy,Alopiidae,0.638,Pelagic thresher,NA,0.082481417,0.638,0.17910056634738453,0.082481417
0.06215986739733441,0.1081578947368421,0.1081578947368421,0.419,1,0.07,0.10774247491638796,0.1317177805280528,0.39638068181818176,0.8092402763847096,0.2931177789043434,0.2583934622644124,Pteroplatytrygon violacea,longline,pelagic,stationary,80,disk_width,190.5,histotrophy,Dasyatidae,0.10774247491638796,NA,NA,0.480791782,0.10774247491638796,0.2931177789043434,0.480791782
0.1081578947368421,0.11501923076923076,0.17903225806451611,0.28864406779661017,0.28864406779661017,0.0659154329946783,0.5204372864812103,0.5204372864812103,0.5336,0.8955601783060921,0.19187906351360967,0.5434375377808252,Alopias vulpinus,longline,pelagic,ram,573.3,total_length,325,oophagy,Alopiidae,0.5336,Thresher,0.11501923076923076,0.11778303565638346,0.5336,0.11501923076923076,0.11778303565638346
0.019,0.08406332453825857,0.33,0.5,1,0.088,0.1222,0.28531428571428574,0.28531428571428574,0.39638068181818176,0.4390254449023249,0.2281939397725878,Heptranchias perlo,longline,bathydemersal,ram,140,total_length,500,yolk-sac viviparity,Lamnidae,0.28531428571428574,Sharpnose sevengill shark,NA,NA,0.28531428571428574,0.4390254449023249,0.25442902178650967
0.019,0.04025641025641025,0.08406332453825857,0.33,0.75,0.07,0.1317177805280528,0.32238594304941115,0.5694916740674956,0.867,0.20653357259521937,0.3883738736315149,Mustelus antarcticus,longline,demersal,ram,185.2,total_length,175.5,yolk-sac viviparity,Triakidae,0.2881578947368421,NA,0.04025641025641025,0.28440785214142994,0.2881578947368421,0.04025641025641025,0.28440785214142994
0.071,0.11501923076923076,0.17903225806451611,0.419,0.7139999999999999,0.06042702702702703,0.06042702702702703,0.21276793248945147,0.4361662005005152,0.8092402763847096,0.3080817332634444,0.27585367544981737,Negaprion brevirostris,longline,reef-associated,ram,368,total_length,60,placental viviparity,Carcharhinidae,0.06042702702702703,Lemon shark,NA,0.10491119163981756,0.06042702702702703,0.3080817332634444,0.10491119163981756
0.04025641025641025,0.08406332453825857,0.33,0.7139999999999999,1,0.1317177805280528,0.5,0.5383662286832541,0.5694916740674956,0.851,0.4288413378522251,0.5188114725601359,Rhizoprionodon terranovae,longline,coastal,ram,113,total_length,140,placental viviparity,Carcharhinidae,0.5694916740674956,NA,NA,0.1197440926420349,0.5694916740674956,0.4288413378522251,0.1197440926420349
0.04025641025641025,0.08406332453825857,0.33,0.7139999999999999,1,0.1317177805280528,0.5,0.5383662286832541,0.5694916740674956,0.851,0.4288413378522251,0.5188114725601359,Rhizoprionodon terranovae,longline,coastal,ram,113,total_length,140,placental viviparity,Carcharhinidae,0.5694916740674956,NA,NA,0.499373224,0.5694916740674956,0.4288413378522251,0.499373224
0.04025641025641025,0.33,0.5,0.75,1,0.07,0.39638068181818176,0.5383662286832541,0.8,0.851,0.5437923979678276,0.5510366447651401,Loxodon macrorhinus,longline,demersal,ram,99,total_length,63.5,yolk-sac viviparity,Carcharhinidae,0.8,NA,NA,NA,0.8,0.5437923979678276,0.25442902178650967
0.019,0.04025641025641025,0.08406332453825857,0.08406332453825857,0.75,0.2478585308056872,0.32238594304941115,0.5,0.7160805604203153,0.8955601783060921,0.17115420003113327,0.5188468989696048,Carcharhinus plumbeus,longline,coastal-pelagic,ram,243,total_length,140,placental viviparity,Carcharhinidae,0.32238594304941115,NA,0.08406332453825857,0.10570114759383756,0.32238594304941115,0.08406332453825857,0.10570114759383756
0.04025641025641025,0.071,0.08406332453825857,0.7139999999999999,1,0.2881578947368421,0.5383662286832541,0.7918921568627451,0.8092402763847096,0.867,0.406751713332152,0.6769380140952089,Rhizoprionodon acutus,longline,coastal,ram,178,total_length,100.5,placental viviparity,Carcharhinidae,0.867,Milk shark,NA,NA,0.867,0.406751713332152,0.25442902178650967
0.02962820512820512,0.08406332453825857,0.33,0.5,1,0.088,0.1317177805280528,0.28531428571428574,0.32238594304941115,0.39638068181818176,0.44754756965076503,0.24353865224357513,Pseudocarcharias kamoharai,longline,benthopelagic,ram,122,total_length,295,oophagy,Triakidae,0.1317177805280528,NA,NA,NA,0.1317177805280528,0.44754756965076503,0.25442902178650967
0.019,0.07753166226912928,0.33,0.5,0.75,0.07,0.28531428571428574,0.3395547445255474,0.3560123654682849,0.3560123654682849,0.378322099469524,0.27959247902484274,Centrophorus squamosus,longline,bathydemersal,stationary,166,total_length,1683,yolk-sac viviparity,Centrophoridae,0.012,Leafscale gulper shark,0.33,0.054130247,0.012,0.33,0.054130247
0.019,0.08406332453825857,0.33,0.5,1,0.088,0.28531428571428574,0.3395547445255474,0.3560123654682849,0.3560123654682849,0.4548218268869934,0.28258551513000996,Centroscymnus coelolepis,longline,bathydemersal,stationary,130,total_length,1901.5,yolk-sac viviparity,Somniosidae,0.045,Portuguese dogfish,NA,NA,0.045,0.4548218268869934,0.25442902178650967
0.019,0.18172356919016988,0.5,0.5,1,0.0659154329946783,0.3395547445255474,0.3560123654682849,0.3560123654682849,0.8,0.45566601811974966,0.34010601871407353,Galeus melastomus,longline,demersal,stationary,90,total_length,1027.5,oviparous,Scyliorhinidae,0.38,Blackmouth catshark,NA,NA,0.38,0.45566601811974966,0.25442902178650967
0.04025641025641025,0.08406332453825857,0.5,0.5,1,0.08132274247491683,0.1317177805280528,0.39638068181818176,0.5694916740674956,0.867,0.41533131979768134,0.4040007226795681,Rostroraja eglanteria,longline,demersal,stationary,84,total_length,164.5,oviparous,Rajidae,0.04,NA,NA,NA,0.04,0.41533131979768134,0.25442902178650967
0.071,0.08406332453825857,0.419,0.7139999999999999,1,0.088,0.2881578947368421,0.32238594304941115,0.32238594304941115,0.8092402763847096,0.4853274264446854,0.356547720394425,Rhynchobatus australiae,longline,benthocoastal,stationary,300,total_length,30,yolk-sac viviparity,Rhinidae,0.125,Whitespotted wedgefish,NA,0.3875,0.125,0.4853274264446854,0.3875
0.02962820512820512,0.071,0.419,0.7139999999999999,1,0.2469407582938388,0.7160805604203153,0.8,0.8092402763847096,0.8955601783060921,0.44722196574634,0.731317572505942,Carcharhinus limbatus/tilstoni,longline,coastal-pelagic,ram,286,total_length,70,placental viviparity,Carcharhinidae,0.526,NA,NA,NA,0.526,0.44722196574634,0.25442902178650967
0.04025641025641025,0.33,0.419,0.75,1,0.10774247491638796,0.5383662286832541,0.5383662286832541,0.7918921568627451,0.851,0.5773915193985214,0.5619968016428512,Carcharhinus dussumieri,longline,coastal,ram,100.7,total_length,50,placental viviparity,Carcharhinidae,1,Whitecheek shark,NA,NA,1,0.5773915193985214,0.25442902178650967
0.019,0.04025641025641025,0.08406332453825857,0.33,0.607,0.0659154329946783,0.088,0.28531428571428574,0.32238594304941115,0.3842701869132146,0.28125688942095534,0.2157799266703016,Centrophorus granulosus,NA,bathydemersal,stationary,176,NA,775,yolk-sac viviparity,NA,NA,Gulper shark,NA,0.034853173,0.2157799266703016,0.28125688942095534,0.034853173
0.10817628205128205,0.17383720930232557,0.1896099290780142,0.28864406779661017,0.28864406779661017,0.0659154329946783,0.0659154329946783,0.32435639810426536,0.5204372864812103,0.7421679389312977,0.19895502662674272,0.32425598653307053,Cetorhinus maximus,NA,pelagic,ram,1097.3,NA,632,oophagy,NA,NA,Basking shark,NA,0.146895782,0.32425598653307053,0.19895502662674272,0.146895782
0.019,0.04025641025641025,0.08406332453825857,0.33,0.607,0.07,0.28531428571428574,0.3395547445255474,0.3560123654682849,0.3560123654682849,0.28125688942095534,0.29325066440661207,Dalatias licha,NA,bathydemersal,stationary,182,NA,915.5,yolk-sac viviparity,NA,NA,Kitefin shark,NA,0.220984202,0.29325066440661207,0.28125688942095534,0.220984202
0.019,0.019,0.071,0.12895026692029207,0.7139999999999999,0.088,0.1723956715838509,0.2881578947368421,0.32238594304941115,0.7421679389312977,0.15852150237403873,0.31443871345009533,Echinorhinus brucus,NA,bathydemersal,stationary,394,NA,455,yolk-sac viviparity,NA,NA,Bramble shark,NA,NA,0.31443871345009533,0.15852150237403873,0.25442902178650967
0.019,0.18172356919016988,0.5,0.5,1,0.0659154329946783,0.3395547445255474,0.3560123654682849,0.3560123654682849,0.8,0.45566601811974966,0.34010601871407353,Etmopterus spinax,NA,demersal,stationary,55,NA,1280,yolk-sac viviparity,NA,NA,Velvet belly,NA,0.183380956,0.34010601871407353,0.45566601811974966,0.183380956
0.019,0.04025641025641025,0.08406332453825857,0.33,0.75,0.088,0.15205672605595186,0.2881578947368421,0.32238594304941115,0.39638068181818176,0.2695113866919627,0.2603748348318318,Galeorhinus galeus,NA,benthopelagic,ram,199,NA,400,yolk-sac viviparity,NA,NA,Tope shark,NA,0.1551090157247505,0.2603748348318318,0.2695113866919627,0.1551090157247505
0.019,0.019,0.071,0.08406332453825857,0.7139999999999999,0.0659154329946783,0.28531428571428574,0.3395547445255474,0.3560123654682849,0.3560123654682849,0.13333470387943433,0.2906385955996539,Hexanchus griseus,NA,bathydemersal,ram,550,NA,1245,yolk-sac viviparity,NA,NA,Bluntnose sixgill shark,NA,NA,0.2906385955996539,0.13333470387943433,0.25442902178650967
0.019,0.08406332453825857,0.33,0.5,1,0.07,0.1222,0.28531428571428574,0.28531428571428574,0.39638068181818176,0.4640678218313915,0.22050820599836476,Oxynotus centrina,NA,bathydemersal,stationary,150,NA,420,yolk-sac viviparity,NA,NA,Angular roughshark,NA,NA,0.22050820599836476,0.4640678218313915,0.25442902178650967
0.019,0.20703166226912928,0.5,0.5,1,0.008,0.1222,0.2881578947368421,0.39638068181818176,0.8,0.4659794722625899,0.29682362381724686,Scyliorhinus canicula,NA,demersal,stationary,100,NA,400.5,oviparous,NA,NA,Small-spotted catshark,NA,0.4529202997361025,0.29682362381724686,0.4659794722625899,0.4529202997361025
0.04025641025641025,0.1081578947368421,0.1081578947368421,0.419,1,0.10774247491638796,0.10774247491638796,0.2881578947368421,0.4409583333333333,0.8092402763847096,0.284294847417152,0.3427041555987477,Scyliorhinus stellaris,NA,reef-associated,stationary,162,NA,190.5,oviparous,NA,NA,Nursehound,NA,NA,0.3427041555987477,0.284294847417152,0.25442902178650967
0.019,0.04025641025641025,0.08406332453825857,0.33,0.607,0.0659154329946783,0.28531428571428574,0.3395547445255474,0.3560123654682849,0.3560123654682849,0.275689645300913,0.29955880996023143,Squalus acanthias,NA,benthopelagic,stationary,200,NA,989,yolk-sac viviparity,NA,NA,Picked dogfish,NA,0.02927841322961239,0.29955880996023143,0.275689645300913,0.02927841322961239
0.04025641025641025,0.10133333333333332,0.1081578947368421,0.419,1,0.06042702702702703,0.21276793248945147,0.5383662286832541,0.8092402763847096,0.851,0.31997515026388373,0.49148432945947934,Carcharhinus melanopterus,NA,reef-associated,ram,180,NA,50,placental viviparity,NA,NA,Blacktip reef shark,NA,NA,0.49148432945947934,0.31997515026388373,0.25442902178650967
0.071,0.10133333333333332,0.1081578947368421,0.419,0.7139999999999999,0.1723956715838509,0.4361662005005152,0.4409583333333333,0.7120940620782726,0.8092402763847096,0.2385500645504214,0.4907746634007814,Carcharias taurus,NA,reef-associated,ram,325,NA,116,oophagy,NA,NA,Sand tiger shark,NA,0.03480866368422675,0.4907746634007814,0.2385500645504214,0.03480866368422675
0.04025641025641025,0.08406332453825857,0.5,0.7139999999999999,1,0.10774247491638796,0.39638068181818176,0.5694916740674956,0.8,0.867,0.4815574807280191,0.5862039321354758,Mustelus schmitti,NA,demersal,ram,108.5,NA,98.5,yolk-sac viviparity,NA,NA,Narrownose smooth-hound,NA,NA,0.5862039321354758,0.4815574807280191,0.25442902178650967
0.019,0.04025641025641025,0.08406332453825857,0.5,0.75,0.08132274247491683,0.24257575757575756,0.4361662005005152,0.7160805604203153,0.8955601783060921,0.2613262122411767,0.4516781522512192,Notorynchus cepedianus,NA,demersal,ram,296,NA,285,yolk-sac viviparity,NA,NA,Broadnose sevengill shark,NA,0.236439941,0.4516781522512192,0.2613262122411767,0.236439941
0.019,0.019,0.071,0.08406332453825857,0.7139999999999999,0.1222,0.2881578947368421,0.32238594304941115,0.4361662005005152,0.8955601783060921,0.14289088037691192,0.3959349766695417,Squatina argentina,NA,benthocoastal,stationary,1380,NA,228.5,yolk-sac viviparity,NA,NA,Argentine angelshark,NA,NA,0.3959349766695417,0.14289088037691192,0.25442902178650967
0.10133333333333332,0.10474561403508773,0.1081578947368421,0.28864406779661017,0.607,0.10774247491638796,0.1723956715838509,0.30172536012130396,0.4361662005005152,0.8092402763847096,0.2019907439431174,0.3435843107561486,Carcharhinus albimarginatus,NA,reef-associated,ram,300,NA,400,placental viviparity,NA,NA,Silvertip shark,NA,NA,0.3435843107561486,0.2019907439431174,0.25442902178650967
0.08406332453825857,0.10474561403508773,0.1081578947368421,0.17903225806451611,0.7139999999999999,0.10774247491638796,0.32238594304941115,0.4409583333333333,0.8,0.8092402763847096,0.1825961548394892,0.49842892700619534,Carcharhinus amblyrhynchos,NA,reef-associated,ram,265,NA,137.5,placental viviparity,NA,NA,Blacktail reef shark,NA,0.074666477,0.49842892700619534,0.1825961548394892,0.074666477
0.071,0.1081578947368421,0.1081578947368421,0.419,0.7139999999999999,0.06042702702702703,0.21276793248945147,0.5383662286832541,0.8092402763847096,0.8092402763847096,0.32375459865186795,0.5205472772766429,Carcharhinus amboinensis,NA,reef-associated,ram,280,NA,50,placental viviparity,NA,NA,Pigeye shark,NA,NA,0.5205472772766429,0.32375459865186795,0.25442902178650967
0.04025641025641025,0.1081578947368421,0.17903225806451611,0.419,1,0.10774247491638796,0.39638068181818176,0.8,0.8092402763847096,0.851,0.3436865776955408,0.6044773104220966,Carcharhinus sorrah,NA,reef-associated,ram,166,NA,70,placental viviparity,NA,NA,Spottail shark,NA,0.2428714820648005,0.6044773104220966,0.3436865776955408,0.2428714820648005
0.04025641025641025,0.071,0.419,0.7139999999999999,1,0.2469407582938388,0.5383662286832541,0.7918921568627451,0.8092402763847096,0.867,0.4729974045020188,0.6635198718167838,Carcharhinus tilstoni,NA,coastal,ram,200,NA,75,placental viviparity,NA,NA,Australian blacktip shark,NA,0.23980627366873433,0.6635198718167838,0.4729974045020188,0.23980627366873433
0.071,0.1081578947368421,0.1081578947368421,0.419,0.7139999999999999,0.06042702702702703,0.21276793248945147,0.32435639810426536,0.4409583333333333,0.8092402763847096,0.31337112801996814,0.3647769927712834,Nebrius ferrugineus,NA,reef-associated,ram,320,NA,35,yolk-sac viviparity,NA,NA,Tawny nurse shark,NA,NA,0.3647769927712834,0.31337112801996814,0.25442902178650967
0.019,0.019,0.071,0.08406332453825857,0.7139999999999999,0.0659154329946783,0.24257575757575756,0.30172536012130396,0.32238594304941115,0.7421679389312977,0.14015555202678753,0.31761643087914343,Odontaspis ferox,NA,benthopelagic,ram,450,NA,512.5,oophagy,NA,NA,Smalltooth sand tiger,NA,NA,0.31761643087914343,0.14015555202678753,0.25442902178650967
0.019,0.08406332453825857,0.33,0.5,1,0.088,0.1317177805280528,0.28531428571428574,0.32238594304941115,0.5383662286832541,0.45854620934214513,0.24638242343531833,Squalus mitsukurii,NA,benthopelagic,stationary,125,NA,479,yolk-sac viviparity,NA,NA,Shortspine spurdog,NA,-0.03079057,0.24638242343531833,0.45854620934214513,-0.03079057
0.04025641025641025,0.33,0.419,0.732,1,0.088,0.28531428571428574,0.32238594304941115,0.32238594304941115,0.8,0.5771586244435339,0.33209703401632407,Squatina australis,NA,benthocoastal,stationary,152,NA,65,yolk-sac viviparity,NA,NA,Australian angelshark,NA,NA,0.33209703401632407,0.5771586244435339,0.25442902178650967
0.04025641025641025,0.08406332453825857,0.33,0.5,1,0.088,0.1317177805280528,0.28531428571428574,0.32238594304941115,0.39638068181818176,0.4360943452270953,0.2500237836657601,Squatina tergocellata,NA,benthocoastal,stationary,140,NA,264,yolk-sac viviparity,NA,NA,Ornate angelshark,NA,NA,0.2500237836657601,0.4360943452270953,0.25442902178650967
0.04025641025641025,0.10133333333333332,0.1081578947368421,0.3093220338983051,0.5,0.10774247491638796,0.1222,0.32238594304941115,0.5383662286832541,0.8092402763847096,0.22295922613969477,0.37460175090555287,Triaenodon obesus,NA,reef-associated,stationary,168,NA,165.5,yolk-sac viviparity,NA,NA,Whitetip reef shark,NA,NA,0.37460175090555287,0.22295922613969477,0.25442902178650967
0.04025641025641025,0.08406332453825857,0.5,0.7139999999999999,1,0.28531428571428574,0.5383662286832541,0.5694916740674956,0.7918921568627451,0.867,0.5220231312118261,0.6152238743148083,Carcharhinus macloti,NA,coastal,ram,110,NA,100.5,placental viviparity,NA,NA,Hardnose shark,NA,NA,0.6152238743148083,0.5220231312118261,0.25442902178650967
0.019,0.08406332453825857,0.33,0.5,1,0.088,0.28531428571428574,0.3395547445255474,0.3560123654682849,0.3560123654682849,0.4548218268869934,0.2850349855058954,Centroselachus crepidater,NA,bathydemersal,stationary,105,NA,1140,yolk-sac viviparity,NA,NA,Longnose velvet dogfish,NA,0.100728876,0.2850349855058954,0.4548218268869934,0.100728876
0.019,0.18172356919016988,0.5,0.5,1,0.0659154329946783,0.3395547445255474,0.3560123654682849,0.3560123654682849,0.8,0.45566601811974966,0.34010601871407353,Etmopterus princeps,NA,demersal,stationary,94,NA,1281.5,yolk-sac viviparity,NA,NA,Great lanternshark,NA,NA,0.34010601871407353,0.45566601811974966,0.25442902178650967
0.019,0.18172356919016988,0.5,0.5,1,0.0659154329946783,0.0659154329946783,0.32435639810426536,0.39638068181818176,0.8,0.45566601811974966,0.3250573905971053,Etmopterus pusillus,NA,demersal,stationary,50.2,NA,560,yolk-sac viviparity,NA,NA,Smooth lanternshark,NA,NA,0.3250573905971053,0.45566601811974966,0.25442902178650967
0.04025641025641025,0.33,0.419,0.7139999999999999,1,0.06042702702702703,0.39638068181818176,0.5383662286832541,0.8,0.851,0.5510915422137447,0.5362587935821301,Chiloscyllium arabicum,NA,demersal,stationary,80,NA,51,oviparous,NA,NA,Arabian carpetshark,NA,NA,0.5362587935821301,0.5510915422137447,0.25442902178650967
0.071,0.1081578947368421,0.1081578947368421,0.419,0.7139999999999999,0.06042702702702703,0.21276793248945147,0.24257575757575756,0.7918921568627451,0.8092402763847096,0.3195687012159705,0.3950846554855446,Rhynchobatus djiddensis,NA,reef-associated,stationary,310,NA,38,yolk-sac viviparity,NA,NA,Giant guitarfish,NA,NA,0.3950846554855446,0.3195687012159705,0.25442902178650967
0.019,0.04025641025641025,0.08406332453825857,0.5,0.75,0.008,0.07,0.24257575757575756,0.32435639810426536,0.7343417253780042,0.31618417770282964,0.2419405473295254,Mustelus mustelus,NA,demersal,ram,174.5,NA,400,yolk-sac viviparity,NA,NA,Smooth-hound,NA,0.189808752,0.2419405473295254,0.31618417770282964,0.189808752
0.071,0.1081578947368421,0.1081578947368421,0.419,0.7139999999999999,0.06042702702702703,0.21276793248945147,0.2469407582938388,0.7918921568627451,0.8092402763847096,0.3195687012159705,0.40518052480457073,Ginglymostoma cirratum,NA,reef-associated,stationary,308,NA,65,oviparous,NA,NA,Nurse shark,NA,NA,0.40518052480457073,0.3195687012159705,0.25442902178650967
0.04025641025641025,0.08406332453825857,0.33,0.7139999999999999,1,0.10774247491638796,0.25,0.5,0.5694916740674956,0.851,0.4348012891334197,0.4507598866641096,Rhizoprionodon porosus,NA,coastal,ram,110,NA,250,placental viviparity,NA,NA,Caribbean sharpnose shark,NA,NA,0.4507598866641096,0.4348012891334197,0.25442902178650967
0.04025641025641025,0.071,0.419,0.7139999999999999,1,0.088,0.28531428571428574,0.32238594304941115,0.32238594304941115,0.8092402763847096,0.4782631283146361,0.3427957071710218,Rhinobatos rhinobatos,NA,benthocoastal,stationary,181,NA,55,yolk-sac viviparity,NA,NA,Common guitarfish,NA,0.3725,0.3427957071710218,0.4782631283146361,0.3725
0.04025641025641025,0.33,0.419,0.7139999999999999,1,0.10774247491638796,0.5,0.5694916740674956,0.8092402763847096,0.867,0.5510915422137447,0.6088551020676535,Pseudobatos percellens,NA,demersal,stationary,102,NA,70,yolk-sac viviparity,NA,NA,Chola guitarfish,NA,NA,0.6088551020676535,0.5510915422137447,0.25442902178650967
0.04025641025641025,0.33,0.419,0.75,1,0.07,0.5383662286832541,0.5383662286832541,0.7918921568627451,0.851,0.5773915193985214,0.5600547307308622,Sphyrna tiburo,NA,coastal,ram,150,NA,45,placental viviparity,NA,NA,Bonnethead,NA,0.4602395703761153,0.5600547307308622,0.5773915193985214,0.4602395703761153
0.019,0.08406332453825857,0.33,0.5,1,0.088,0.28531428571428574,0.3395547445255474,0.3560123654682849,0.3560123654682849,0.4548218268869934,0.28453627603275933,Centroscyllium fabricii,NA,bathydemersal,stationary,120,NA,1190,yolk-sac viviparity,NA,NA,Black dogfish,NA,NA,0.28453627603275933,0.4548218268869934,0.25442902178650967
0.019,0.08406332453825857,0.33,0.5,1,0.0659154329946783,0.088,0.28531428571428574,0.32238594304941115,0.6,0.4548218268869934,0.21761070183134623,Squalus suckleyi,NA,benthopelagic,stationary,130,NA,618,yolk-sac viviparity,NA,NA,Pacific spiny dogfish,NA,NA,0.21761070183134623,0.4548218268869934,0.25442902178650967
0.04025641025641025,0.33,0.5,0.75,1,0.06042702702702703,0.32238594304941115,0.5383662286832541,0.8,0.851,0.5437923979678276,0.5360739857810121,Mustelus mento,NA,demersal,ram,130,NA,33,yolk-sac viviparity,NA,NA,Speckled smooth-hound,NA,NA,0.5360739857810121,0.5437923979678276,0.25442902178650967
0.04025641025641025,0.071,0.419,0.7139999999999999,1,0.06042702702702703,0.25,0.7918921568627451,0.8092402763847096,0.867,0.4517589563454555,0.594697576595832,Glaucostegus granulatus,NA,demersal,stationary,280,NA,62,yolk-sac viviparity,NA,NA,Granulated guitarfish,NA,NA,0.594697576595832,0.4517589563454555,0.25442902178650967
0.04025641025641025,0.08406332453825857,0.419,0.7139999999999999,1,0.10774247491638796,0.2881578947368421,0.5,0.5694916740674956,0.867,0.3936647929992731,0.4674085169577348,Mustelus henlei,NA,demersal,ram,100,NA,140.5,yolk-sac viviparity,NA,NA,Brown smooth-hound,NA,0.3255022232682637,0.4674085169577348,0.3936647929992731,0.3255022232682637
0.04025641025641025,0.33,0.419,0.75,1,0.07,0.5383662286832541,0.5383662286832541,0.7918921568627451,0.851,0.5773915193985214,0.5600547307308622,Sphyrna media,NA,coastal,ram,150,NA,50,placental viviparity,NA,NA,Scoophead,NA,NA,0.5600547307308622,0.5773915193985214,0.25442902178650967
0.10133333333333332,0.1081578947368421,0.1896099290780142,0.4595,1,0.008,0.1222,0.24257575757575756,0.4361662005005152,0.8,0.3166604292632428,0.28472752271244006,Cephaloscyllium isabellum,NA,reef-associated,stationary,150,NA,399.5,oviparous,NA,NA,Draughtsboard shark,NA,NA,0.28472752271244006,0.3166604292632428,0.25442902178650967
0.04025641025641025,0.08406332453825857,0.5,0.7139999999999999,1,0.10774247491638796,0.39638068181818176,0.5694916740674956,0.8,0.867,0.4815574807280191,0.5673894963092013,Mustelus lenticulatus,NA,demersal,ram,151,NA,110.5,yolk-sac viviparity,NA,NA,Spotted estuary smooth-hound,NA,0.303720423,0.5673894963092013,0.4815574807280191,0.303720423
0.10817628205128205,0.17383720930232557,0.1896099290780142,0.28864406779661017,0.28864406779661017,0.0659154329946783,0.0659154329946783,0.32435639810426536,0.5204372864812103,0.7421679389312977,0.19895502662674272,0.32425598653307053,Carcharodon carcharias,NA,pelagic,ram,594.4,NA,600,oophagy,NA,NA,Great white shark,NA,0.12421085536244632,0.32425598653307053,0.19895502662674272,0.12421085536244632
0.071,0.08406332453825857,0.419,0.7139999999999999,1,0.1222,0.2881578947368421,0.32238594304941115,0.32238594304941115,0.8092402763847096,0.4596080542850308,0.3623868213958729,Squatina squatina,NA,benthocoastal,stationary,244,NA,76,yolk-sac viviparity,NA,NA,Angelshark,NA,NA,0.3623868213958729,0.4596080542850308,0.25442902178650967
0.019,0.019,0.071,0.08406332453825857,0.7139999999999999,0.0659154329946783,0.088,0.28531428571428574,0.32238594304941115,0.6,0.14970911750704208,0.23363970641509452,Squalus blainville,NA,benthopelagic,stationary,920,NA,757.5,yolk-sac viviparity,NA,NA,Longnose spurdog,NA,NA,0.23363970641509452,0.14970911750704208,0.25442902178650967
0.019,0.08406332453825857,0.33,0.5,1,0.088,0.28531428571428574,0.3395547445255474,0.3560123654682849,0.3560123654682849,0.4548218268869934,0.28453627603275933,Centrophorus lusitanicus,NA,bathydemersal,stationary,119,NA,850,yolk-sac viviparity,NA,NA,Lowfin gulper shark,NA,NA,0.28453627603275933,0.4548218268869934,0.25442902178650967
0.04025641025641025,0.071,0.419,0.7139999999999999,1,0.06042702702702703,0.2881578947368421,0.5383662286832541,0.8092402763847096,0.851,0.41974391688857815,0.5436960250864792,Glaucostegus cemiculus,NA,demersal,stationary,245,NA,54.5,yolk-sac viviparity,NA,NA,Blackchin guitarfish,NA,0.3775,0.5436960250864792,0.41974391688857815,0.3775
0.019,0.019,0.071,0.08406332453825857,0.7139999999999999,0.0659154329946783,0.28531428571428574,0.3395547445255474,0.3560123654682849,0.3560123654682849,0.14970911750704208,0.29642587665205994,Somniosus microcephalus,NA,benthopelagic,stationary,730,NA,1323.5,yolk-sac viviparity,NA,NA,Greenland shark,NA,NA,0.29642587665205994,0.14970911750704208,0.25442902178650967
0.04025641025641025,0.08406332453825857,0.5,0.7139999999999999,1,0.10774247491638796,0.39638068181818176,0.5694916740674956,0.8092402763847096,0.867,0.4815574807280191,0.5802807908333715,Mustelus asterias,NA,demersal,ram,140,NA,99.5,yolk-sac viviparity,NA,NA,Starry smooth-hound,NA,NA,0.5802807908333715,0.4815574807280191,0.25442902178650967
0.04025641025641025,0.33,0.419,0.7139999999999999,1,0.06042702702702703,0.39638068181818176,0.5383662286832541,0.8,0.851,0.5510915422137447,0.5362587935821301,Leptocharias smithii,NA,demersal,stationary,82,NA,42.5,placental viviparity,NA,NA,Barbeled houndshark,NA,NA,0.5362587935821301,0.5510915422137447,0.25442902178650967
0.04025641025641025,0.08406332453825857,0.33,0.7139999999999999,1,0.1317177805280528,0.5,0.5383662286832541,0.5694916740674956,0.851,0.4288413378522251,0.5188114725601359,Rhizoprionodon terraenovae,NA,coastal,ram,113,NA,140,placental viviparity,NA,NA,Atlantic sharpnose shark,NA,NA,0.5188114725601359,0.4288413378522251,0.25442902178650967
0.10817628205128205,0.17383720930232557,0.1896099290780142,0.28864406779661017,0.28864406779661017,0.0659154329946783,0.3395547445255474,0.3560123654682849,0.3560123654682849,0.5336,0.19895502662674272,0.3486696869277413,Rhincodon typus,NA,pelagic,ram,1700,NA,964,yolk-sac viviparity,NA,NA,Whale shark,NA,0.187519214,0.3486696869277413,0.19895502662674272,0.187519214
0.04025641025641025,0.04025641025641025,0.33,0.7139999999999999,1,0.10774247491638796,0.39638068181818176,0.7120940620782726,0.8092402763847096,0.867,0.37067790286958285,0.6113698321686217,Mustelus lunulatus,NA,demersal,ram,175,NA,104.5,yolk-sac viviparity,NA,NA,Sicklefin smooth-hound,NA,NA,0.6113698321686217,0.37067790286958285,0.25442902178650967
0.04025641025641025,0.071,0.5,0.7139999999999999,1,0.10774247491638796,0.5,0.5694916740674956,0.8092402763847096,0.867,0.46425852189451294,0.5987370275838989,Nasolamia velox,NA,demersal,ram,165,NA,96,placental viviparity,NA,NA,Whitenose shark,NA,NA,0.5987370275838989,0.46425852189451294,0.25442902178650967
0.04025641025641025,0.33,0.419,0.75,1,0.07,0.5383662286832541,0.5383662286832541,0.7918921568627451,0.851,0.5773915193985214,0.559962671689233,Rhizoprionodon longurio,NA,coastal,ram,154,NA,13.5,placental viviparity,NA,NA,Pacific sharpnose shark,NA,NA,0.559962671689233,0.5773915193985214,0.25442902178650967
0.04025641025641025,0.33,0.419,0.75,1,0.10774247491638796,0.5383662286832541,0.5383662286832541,0.7918921568627451,0.851,0.5773915193985214,0.5619968016428512,Sphyrna corona,NA,coastal,ram,92,NA,50,placental viviparity,NA,NA,Scalloped bonnethead,NA,NA,0.5619968016428512,0.5773915193985214,0.25442902178650967
0.04025641025641025,0.08406332453825857,0.5,0.7139999999999999,1,0.10774247491638796,0.39638068181818176,0.5694916740674956,0.8,0.867,0.4815574807280191,0.5726074390887057,Mustelus whitneyi,NA,demersal,ram,87,NA,113.5,yolk-sac viviparity,NA,NA,Humpback smooth-hound,NA,NA,0.5726074390887057,0.4815574807280191,0.25442902178650967
0.04025641025641025,0.33,0.419,0.7139999999999999,1,0.06042702702702703,0.39638068181818176,0.5383662286832541,0.8,0.851,0.5510915422137447,0.5362587935821301,Pseudobatos planiceps,NA,demersal,stationary,98,NA,25,yolk-sac viviparity,NA,NA,Pacific guitarfish,NA,NA,0.5362587935821301,0.5510915422137447,0.25442902178650967
0.04025641025641025,0.071,0.419,0.7139999999999999,1,0.06042702702702703,0.2881578947368421,0.5383662286832541,0.8092402763847096,0.867,0.4145033335582451,0.5501837738004203,Triakis megalopterus,NA,demersal,ram,207.5,NA,25,yolk-sac viviparity,NA,NA,Sharptooth houndshark,NA,NA,0.5501837738004203,0.4145033335582451,0.25442902178650967
0.04025641025641025,0.33,0.419,0.7139999999999999,1,0.06042702702702703,0.39638068181818176,0.5383662286832541,0.8,0.851,0.5510915422137447,0.537058387422897,Hemitriakis japanica,NA,demersal,stationary,120,NA,50.5,yolk-sac viviparity,NA,NA,Japanese topeshark,NA,NA,0.537058387422897,0.5510915422137447,0.25442902178650967
0.019,0.08406332453825857,0.33,0.5,1,0.088,0.1222,0.28531428571428574,0.2881578947368421,0.39638068181818176,0.4548218268869934,0.2398812948334367,Oxynotus paradoxus,NA,bathydemersal,stationary,118,NA,492.5,yolk-sac viviparity,NA,NA,Sailfin roughshark,NA,NA,0.2398812948334367,0.4548218268869934,0.25442902178650967
0.04025641025641025,0.08406332453825857,0.419,0.7139999999999999,1,0.088,0.28531428571428574,0.32238594304941115,0.32238594304941115,0.8092402763847096,0.5092066008647469,0.3420726932655291,Squatina guggenheim,NA,benthocoastal,stationary,96,NA,78.5,yolk-sac viviparity,NA,NA,Angular angel shark,NA,0.184285105,0.3420726932655291,0.5092066008647469,0.184285105
0.04025641025641025,0.071,0.1081578947368421,0.7139999999999999,1,0.1222,0.32238594304941115,0.658528672427337,0.8092402763847096,0.867,0.34009917130849876,0.5886878109099856,Triakis semifasciata,NA,demersal,ram,213,NA,78,yolk-sac viviparity,NA,NA,Leopard shark,NA,0.15651138353907254,0.5886878109099856,0.34009917130849876,0.15651138353907254
0.019,0.18172356919016988,0.5,0.5,1,0.0659154329946783,0.0659154329946783,0.32435639810426536,0.39638068181818176,0.8,0.45566601811974966,0.32800327741574864,Apristurus brunneus,NA,demersal,stationary,69.3,NA,682.5,oviparous,NA,NA,Brown catshark,NA,NA,0.32800327741574864,0.45566601811974966,0.25442902178650967
0.04025641025641025,0.071,0.419,0.7139999999999999,1,0.1222,0.5,0.5383662286832541,0.8092402763847096,0.867,0.47856464862206105,0.6027204796778454,Carcharhinus amblyrhynchoides,NA,coastal,ram,182,NA,37.5,placental viviparity,NA,NA,Graceful shark,NA,NA,0.6027204796778454,0.47856464862206105,0.25442902178650967
0.1081578947368421,0.11501923076923076,0.17903225806451611,0.28864406779661017,0.28864406779661017,0.0659154329946783,0.5204372864812103,0.5204372864812103,0.5336,0.8955601783060921,0.19187906351360967,0.5434375377808252,Alopias vulpinus,longline,pelagic,ram,573.3,total_length,325,oophagy,Lamnidae,NA,NA,0.11501923076923076,0.11778303565638346,0.5434375377808252,0.11501923076923076,0.11778303565638346
